id,kode_provinsi,nama_provinsi,kode_kabupaten_kota,nama_kabupaten_kota,bps_kode_kecamatan,bps_nama_kecamatan,kemendagri_kode_kecamatan,kemendagri_nama_kecamatan,nama_sekolah,npsn,status_sekolah,alamat_sekolah
1,32,JAWA BARAT,3201,KABUPATEN BOGOR,3201210,CIBINONG,32.01.01,CIBINONG,SLB NEGERI BOGOR,20230406,NEGERI,JL. RAYA PEMDA KARADENAN (BELAKANG SMKN) CIBINONG
2,32,JAWA BARAT,3201,KABUPATEN BOGOR,3201210,CIBINONG,32.01.01,CIBINONG,SLB MEKAR SARI 1,20271748,SWASTA,JL. MESJID AL-BALIYAH RT 06/12 PABUARAN - CIBINONG
3,32,JAWA BARAT,3201,KABUPATEN BOGOR,3201180,CILEUNGSI,32.01.07,CILEUNGSI,SLB BINA SEJAHTERA,20230408,SWASTA,JL. CIGAROGOL RT 08/03
4,32,JAWA BARAT,3201,KABUPATEN BOGOR,3201020,LEUWILIANG,32.01.14,LEUWILIANG,SLB ABC TUNAS KASIH 1,20230410,SWASTA,JL. RAYA KAREHKEL NO. 9 RT.01/08
5,32,JAWA BARAT,3201,KABUPATEN BOGOR,3201300,PARUNG PANJANG,32.01.20,PARUNG PANJANG,SLB AYAH BUNDA,20230407,SWASTA,ANGGUR RAYA NO.5/6 PERUMNAS II PARUNG PANJANG
6,32,JAWA BARAT,3201,KABUPATEN BOGOR,3201110,CISARUA,32.01.25,CISARUA,SLB AL-FAJRI,69733313,SWASTA,KP.CIDOKOM
7,32,JAWA BARAT,3202,KABUPATEN SUKABUMI,3202210,CIBADAK,32.02.11,CIBADAK,SLB NEGERI HANDAYANI,20253129,NEGERI,JL. RAYA KARANGTENGAH NO. 126
8,32,JAWA BARAT,3202,KABUPATEN SUKABUMI,3202230,CICURUG,32.02.16,CICURUG,SLB AL-ROSYADIYAH,20258235,SWASTA,JL. SILIWANGI KP. BANGKONGREANG GG. RODA RT : 03 RW : 04
9,32,JAWA BARAT,3202,KABUPATEN SUKABUMI,3202110,PALABUHANRATU,32.02.01,PALABUHANRATU,SLB NEGERI MUTIARA BAHARI MANDIRI,20202315,NEGERI,JL. PELITA NO. 99 CIPATUGURAN
10,32,JAWA BARAT,3202,KABUPATEN SUKABUMI,3202200,CISAAT,32.02.29,CISAAT,SLB PGRI CISAAT,57580344,SWASTA,JL. RAYA CISAAT NO 131
11,32,JAWA BARAT,3202,KABUPATEN SUKABUMI,3202170,SUKARAJA,32.02.33,SUKARAJA,SLB ABC PURNA BHAKTI PERTIWI,20258155,SWASTA,JL. GENTONG PASIR NO. 03 RT. 001 RW. 001
12,32,JAWA BARAT,3202,KABUPATEN SUKABUMI,3202030,SURADE,32.02.24,SURADE,SLB NEGERI SURADE,20258252,NEGERI,JL. LAPANG LODAYA SETRA SURADE
13,32,JAWA BARAT,3202,KABUPATEN SUKABUMI,3202240,CIDAHU,32.02.17,CIDAHU,SLB ABC ANUGRAH,20275994,SWASTA,JAYABAKTI KEC. CIDAHU
14,32,JAWA BARAT,3202,KABUPATEN SUKABUMI,3202190,KADUDAMPIT,32.02.30,KADUDAMPIT,SLB BAKTI PERTIWI,20258142,SWASTA,JL. SITU GUNUNG KM. 05
15,32,JAWA BARAT,3202,KABUPATEN SUKABUMI,3202173,SUKALARANG,32.02.36,SUKALARANG,SLB Sukalarang,69962157,SWASTA,JL. RAYA SUKABUMI CIANJUR RT 03 RW 04
16,32,JAWA BARAT,3202,KABUPATEN SUKABUMI,3202221,CIAMBAR,32.02.47,CIAMBAR,SLB PGRI CIAMBAR,69760680,SWASTA,JL. CIAMBAR KM 05 PASIR ANGIN
17,32,JAWA BARAT,3202,KABUPATEN SUKABUMI,3202160,GEGER BITUNG,32.02.40,GEGERBITUNG,SLB PGRI GEGERBITUNG,69830651,SWASTA,KP. NANGOH
18,32,JAWA BARAT,3203,KABUPATEN CIANJUR,3203200,CIANJUR,32.03.01,CIANJUR,SLB A-B BINA ASIH,20271063,SWASTA,JL SURYA KENCANA NO 11
19,32,JAWA BARAT,3203,KABUPATEN CIANJUR,3203200,CIANJUR,32.03.01,CIANJUR,SLB-C BINA ASIH,20269403,SWASTA,JL SURYAKENCANA NO 11
20,32,JAWA BARAT,3203,KABUPATEN CIANJUR,3203190,KARANGTENGAH,32.03.07,KARANGTENGAH,SLB ABC BINA BANGSA,20254693,SWASTA,JL NANGKA KAVLING RT 02 RW 05 PERUMNAS
21,32,JAWA BARAT,3203,KABUPATEN CIANJUR,3203140,CILAKU,32.03.04,CILAKU,SLB AL-AZAMI,20267754,SWASTA,JL KH A SUJA`I KM 9
22,32,JAWA BARAT,3203,KABUPATEN CIANJUR,3203221,CIPANAS,32.03.28,CIPANAS,SLB BC PURNAMA,20268247,SWASTA,JL PAHLAWAN LANDBOUW SINDANGSARI CIPANAS CIANJUR
23,32,JAWA BARAT,3203,KABUPATEN CIANJUR,3203220,PACET,32.03.10,PACET,SLB Loka Mandiri,70029783,SWASTA,KP. CIGUNTUR RT. 006 RW. 003
24,32,JAWA BARAT,3203,KABUPATEN CIANJUR,3203170,CIRANJANG,32.03.05,CIRANJANG,SLB PERMATA CIRANJANG,20258237,SWASTA,JL. KAUM KALER RT 01 RW 15
25,32,JAWA BARAT,3203,KABUPATEN CIANJUR,3203161,HAURWANGI,32.03.31,HAURWANGI,SLB CAHAYA GEMILANG PERTIWI,20256464,SWASTA,KP. PARABON RT. 01/04
26,32,JAWA BARAT,3203,KABUPATEN CIANJUR,3203090,SUKANAGARA,32.03.14,SUKANAGARA,SLB NEGERI SUKANAGARA,20267753,NEGERI,JL RAYA SUKANAGARA
27,32,JAWA BARAT,3204,KABUPATEN BANDUNG,3204140,BALEENDAH,32.04.32,BALEENDAH,SLB G YBMU BALEENDAH,20259623,SWASTA,JL. KIASTRA MANGGALA NO. 06 BALEENDAH
28,32,JAWA BARAT,3204,KABUPATEN BANDUNG,3204110,RANCAEKEK,32.04.28,RANCAEKEK,SLB BC MULTAHADA,20258494,SWASTA,JL RAYA RANCAEKEK KM 23 BELAKANG SMP PGRI
29,32,JAWA BARAT,3204,KABUPATEN BANDUNG,3204110,RANCAEKEK,32.04.28,RANCAEKEK,SLB BINA KARYA,20258462,SWASTA,JL.CIKIJING RT. 02 RW 10
30,32,JAWA BARAT,3204,KABUPATEN BANDUNG,3204110,RANCAEKEK,32.04.28,RANCAEKEK,SLB YAPMI RANCAEKEK,20258498,SWASTA,JL. ANGGREK MAGEWI NO. 4 BRK
31,32,JAWA BARAT,3204,KABUPATEN BANDUNG,3204130,CIPARAY,32.04.29,CIPARAY,SLB ABCD MUHAMMADIYAH CIPARAY,20258472,SWASTA,JL. PAPAKSERANG RW 03 RW 08
32,32,JAWA BARAT,3204,KABUPATEN BANDUNG,3204130,CIPARAY,32.04.29,CIPARAY,SLB IBNU SINA,20259594,SWASTA,JL. RAYA PACET NO.114
33,32,JAWA BARAT,3204,KABUPATEN BANDUNG,3204130,CIPARAY,32.04.29,CIPARAY,SLB NURUL MAJID,69940514,SWASTA,KP. PASIR LEUTIK RT 02/11
34,32,JAWA BARAT,3204,KABUPATEN BANDUNG,3204130,CIPARAY,32.04.29,CIPARAY,SLB SATRIA GALDIN,20258490,SWASTA,KP. LOA KERAK RT.03 RW.04
35,32,JAWA BARAT,3204,KABUPATEN BANDUNG,3204290,CILEUNYI,32.04.05,CILEUNYI,SLB NEGERI CILEUNYI,20259613,NEGERI,JL. PANDANWANGI CIBIRU INDAH III
36,32,JAWA BARAT,3204,KABUPATEN BANDUNG,3204290,CILEUNYI,32.04.05,CILEUNYI,SLB AUTISMA BUNDA BENING SELAKSHAHATI,69945088,SWASTA,KP. CIBIRUBEET HILIR RT 05/13
37,32,JAWA BARAT,3204,KABUPATEN BANDUNG,3204290,CILEUNYI,32.04.05,CILEUNYI,SLB BC PUTRA 45,20259619,SWASTA,JL. KP NYALINDUNG RT 05 RW 09 CILEUNYI
38,32,JAWA BARAT,3204,KABUPATEN BANDUNG,3204120,MAJALAYA,32.04.33,MAJALAYA,SLB ABC YKS II,20258475,SWASTA,JL.TUGU PAHLAWAN KONDANG
39,32,JAWA BARAT,3204,KABUPATEN BANDUNG,3204120,MAJALAYA,32.04.33,MAJALAYA,SLB BC YKS I MAJALAYA,20258479,SWASTA,JL. WANGISAGARA
40,32,JAWA BARAT,3204,KABUPATEN BANDUNG,3204080,PASEH,32.04.35,PASEH,SLB AL HIDAYAH,69981047,SWASTA,KP. BARU RT002/005 MEKARPAWITAN BANDUNG
41,32,JAWA BARAT,3204,KABUPATEN BANDUNG,3204080,PASEH,32.04.35,PASEH,SLB RIFALIANA,69983825,SWASTA,KAMPUNG CURUG RT002/005 SUKAMANTRI
42,32,JAWA BARAT,3204,KABUPATEN BANDUNG,3204160,BANJARAN,32.04.13,BANJARAN,SLB BC YPLAB BANJARAN,20258464,SWASTA,JL. SINDANG PANON
43,32,JAWA BARAT,3204,KABUPATEN BANDUNG,3204040,PANGALENGAN,32.04.15,PANGALENGAN,SLB AL FAJAR,20258482,SWASTA,JL. PASIRMULYA RT. 02 RW.12
44,32,JAWA BARAT,3204,KABUPATEN BANDUNG,3204100,CICALENGKA,32.04.25,CICALENGKA,SLB A YPKR,20259592,SWASTA,JL.RAYA TIMUR NO 364 KACA-KACA WETAN
45,32,JAWA BARAT,3204,KABUPATEN BANDUNG,3204100,CICALENGKA,32.04.25,CICALENGKA,SLB BCD YPKR,20258468,SWASTA,JL.HM.SHODIKIN 14 A
46,32,JAWA BARAT,3204,KABUPATEN BANDUNG,3204100,CICALENGKA,32.04.25,CICALENGKA,SLBS PUTRA BERLIAN,69786716,SWASTA,KP. CISEUPANG RT 03 RW 11
47,32,JAWA BARAT,3204,KABUPATEN BANDUNG,3204260,MARGAHAYU,32.04.09,MARGAHAYU,SLB ANGKASA LANUD SULAIMAN,20258477,SWASTA,JL. OTTER BLOK C NO. 1 LANUD SULAIMAN
48,32,JAWA BARAT,3204,KABUPATEN BANDUNG,3204260,MARGAHAYU,32.04.09,MARGAHAYU,SLB BC NUFTAH HIDAYAH,20258478,SWASTA,JL. MAWAR NO 16 RT 01/14
49,32,JAWA BARAT,3204,KABUPATEN BANDUNG,3204260,MARGAHAYU,32.04.09,MARGAHAYU,SLB BINTANG HARAPAN,20268462,SWASTA,KOMPLEK KOPO PERMAI II BLOK 9A NO 6
50,32,JAWA BARAT,3204,KABUPATEN BANDUNG,3204260,MARGAHAYU,32.04.09,MARGAHAYU,SLB NURVITA,20259616,SWASTA,JL.SUKALUYU RT 04/13
51,32,JAWA BARAT,3204,KABUPATEN BANDUNG,3204180,KATAPANG,32.04.11,KATAPANG,SLB SABILULUNGAN,20268473,SWASTA,KP. SINDANGSARI RT 04 RW 14
52,32,JAWA BARAT,3204,KABUPATEN BANDUNG,3204180,KATAPANG,32.04.11,KATAPANG,SLB YKS 3,20258492,SWASTA,JL.KATAPANG WETAN NO 02 RT 02/06
53,32,JAWA BARAT,3204,KABUPATEN BANDUNG,3204190,SOREANG,32.04.37,SOREANG,SLB NEGERI CINTA ASIH,20258497,NEGERI,JL. NYALINDUNG NO 91
54,32,JAWA BARAT,3204,KABUPATEN BANDUNG,3204190,SOREANG,32.04.37,SOREANG,SLB BC ROUDHOTUL ZANNAH,20259621,SWASTA,JL. TERUSAN KOPO KM.15
55,32,JAWA BARAT,3204,KABUPATEN BANDUNG,3204150,ARJASARI,32.04.16,ARJASARI,SLB RAFAHA,69912939,SWASTA,JL. KANANGASARI RT 04/06
56,32,JAWA BARAT,3204,KABUPATEN BANDUNG,3204270,DAYEUHKOLOT,32.04.12,DAYEUHKOLOT,SLB NURUL IMAN,20258486,SWASTA,KOMPLEK PASIGARAN DAYEUHKOLOT
57,32,JAWA BARAT,3204,KABUPATEN BANDUNG,3204250,MARGAASIH,32.04.10,MARGAASIH,SLB DARUL MAARIF,20258480,SWASTA,JL MAHMUD NO 26 DESA RAHAYU
58,32,JAWA BARAT,3204,KABUPATEN BANDUNG,3204250,MARGAASIH,32.04.10,MARGAASIH,SLB HASRAT MULIA,20258484,SWASTA,JL. JATI TIMUR D14 NO. 4 KOMPLEK MARGAASIH
59,32,JAWA BARAT,3204,KABUPATEN BANDUNG,3204280,BOJONGSOANG,32.04.08,BOJONGSOANG,SLB ABC NITA KARYA,20258465,SWASTA,JL.INSPEKSI CITARUM CIGEBAR
60,32,JAWA BARAT,3204,KABUPATEN BANDUNG,3204280,BOJONGSOANG,32.04.08,BOJONGSOANG,SLB HIDAYAH DREAMABLE,70038324,SWASTA,KP. CIBISORO RT. 02 RW. 16
61,32,JAWA BARAT,3204,KABUPATEN BANDUNG,3204070,IBUN,32.04.36,IBUN,SLB BUNDA PERTIWI INDONESIA,69939603,SWASTA,JL. BEBEDAHAN PASIR ANGIN RT 01/04
62,32,JAWA BARAT,3204,KABUPATEN BANDUNG,3204310,CIMENYAN,32.04.06,CIMENYAN,SLB ABCD ASYIFA,20258471,SWASTA,JL TERUSAN LIGAR RAYA NO. 28
63,32,JAWA BARAT,3204,KABUPATEN BANDUNG,3204310,CIMENYAN,32.04.06,CIMENYAN,SLB BCD PUTERA MANDIRI,22059620,SWASTA,JL. MARS DIRGAHAYU NO.15 RT.02/22
64,32,JAWA BARAT,3204,KABUPATEN BANDUNG,3204121,SOLOKAN JERUK,32.04.34,SOLOKANJERUK,SLB AULIA,20258495,SWASTA,JLN RAYA SAPAN MAJALAYA KP TAWANGHEMAN RT 03 RW 08
65,32,JAWA BARAT,3204,KABUPATEN BANDUNG,3204191,KUTAWARINGIN,32.04.46,KUTAWARINGIN,SLB ADHITYA SOREANG,20821002,SWASTA,JL RAYA SOREANG-CIPATIK KM 3
66,32,JAWA BARAT,3204,KABUPATEN BANDUNG,3204020,PASIRJAMBU,32.04.38,PASIRJAMBU,SLB PGRI PASIRJAMBU,20259617,SWASTA,JL SETATSION BATU REOK PASIR JAMBU
67,32,JAWA BARAT,3204,KABUPATEN BANDUNG,3204030,CIMAUNG,32.04.17,CIMAUNG,SLB AL FITHRI,20258470,SWASTA,JL. RAYA PANGALENGAN KM. 26
68,32,JAWA BARAT,3204,KABUPATEN BANDUNG,3204030,CIMAUNG,32.04.17,CIMAUNG,SLB MIFTAHUL FALAH,20259611,SWASTA,KP. BABAKAN CIANJUR RT 01/01
69,32,JAWA BARAT,3204,KABUPATEN BANDUNG,3204170,PAMEUNGPEUK,32.04.14,PAMEUNGPEUK,SLB BC YPNI PAMEUNGPEUK,20259604,SWASTA,JL. RAYA BANJARAN NO.501 KP.BOJONGPULUS RT 02/09
70,32,JAWA BARAT,3204,KABUPATEN BANDUNG,3204101,NAGREG,32.04.26,NAGREG,SLB PELITA BANGSA,20259618,SWASTA,JL. PENDIDIKAN BLOK GAMBLUNG I RT.01 RW.02
71,32,JAWA BARAT,3204,KABUPATEN BANDUNG,3204161,CANGKUANG,32.04.44,CANGKUANG,SLB BC AL HUDA,20258466,SWASTA,PERUM BUMI PARAHYANGAN KENCANA
72,32,JAWA BARAT,3205,KABUPATEN GARUT,3205140,CILAWU,32.05.19,CILAWU,SLB AL HASYEMI,69929696,SWASTA,KP. CIPAGEUR RT 02/04
73,32,JAWA BARAT,3205,KABUPATEN GARUT,3205310,MALANGBONG,32.05.14,MALANGBONG,SLB AT TURMUDZI I MALANGBONG,20258239,SWASTA,CIKARAG
74,32,JAWA BARAT,3205,KABUPATEN GARUT,3205310,MALANGBONG,32.05.14,MALANGBONG,SLB AT TURMUDZI II,20258241,SWASTA,JALAN RAYA BARAT CIBARES
75,32,JAWA BARAT,3205,KABUPATEN GARUT,3205200,KARANGPAWITAN,32.05.02,KARANGPAWITAN,SLB AL FALAH JAYA,69956456,SWASTA,JALAN GODOG KP. CARINGIN
76,32,JAWA BARAT,3205,KABUPATEN GARUT,3205200,KARANGPAWITAN,32.05.02,KARANGPAWITAN,SLB MUHAMMADIYAH KARANGPAWITAN,20258195,SWASTA,JL. RAYA KARANGPAWITAN BELAKANG 267
77,32,JAWA BARAT,3205,KABUPATEN GARUT,3205290,BLUBUR LIMBANGAN,32.05.38,BL. LIMBANGAN,SLB AL-HASANI LIMBANGAN,69953764,SWASTA,KP. DUNGUSWIRU RT 01 RW 04
78,32,JAWA BARAT,3205,KABUPATEN GARUT,3205290,BLUBUR LIMBANGAN,32.05.38,BL. LIMBANGAN,SLB BC YGP BL LIMBANGAN,20258233,SWASTA,JL DALEM KASEP BLK POS GIRO
79,32,JAWA BARAT,3205,KABUPATEN GARUT,3205150,BAYONGBONG,32.05.17,BAYONGBONG,SLB MUHAMMADIYAH BAYONGBONG GARUT,20258194,SWASTA,JL. RAYA BAYONGBONG NO 45 B
80,32,JAWA BARAT,3205,KABUPATEN GARUT,3205170,SAMARANG,32.05.07,SAMARANG,SLB BC AL BARKAH,20258193,SWASTA,JL RAYA SAMARANG NO 6
81,32,JAWA BARAT,3205,KABUPATEN GARUT,3205182,TAROGONG KALER,32.05.04,TAROGONG KALER,SLB AL MASDUKI TAROGONG KALER,20258203,SWASTA,JL. KH. MASDUKI KP. PASAWAHAN
82,32,JAWA BARAT,3205,KABUPATEN GARUT,3205160,CISURUPAN,32.05.20,CISURUPAN,SLB AT-TAQWA,20258199,SWASTA,JL. RAYA CIDATAR NO. 29
83,32,JAWA BARAT,3205,KABUPATEN GARUT,3205120,CIKAJANG,32.05.22,CIKAJANG,SLB MADHANI,69949239,SWASTA,KP. KESER RT 05 RW 03
84,32,JAWA BARAT,3205,KABUPATEN GARUT,3205030,BUNGBULANG,32.05.31,BUNGBULANG,SLBS PUTRA HANJUANG,69786400,SWASTA,KP. BARUKALIKI
85,32,JAWA BARAT,3205,KABUPATEN GARUT,3205280,KADUNGORA,32.05.10,KADUNGORA,SLB SYIARUL MUSLIMIN,69888870,SWASTA,JL. CIKEMBULAN KP. CIKIJING RT 03/08
86,32,JAWA BARAT,3205,KABUPATEN GARUT,3205280,KADUNGORA,32.05.10,KADUNGORA,SLB-C PUSPA MENTARI,20258172,SWASTA,JLN. MANDALAWANGI NO 28
87,32,JAWA BARAT,3205,KABUPATEN GARUT,3205230,BANYURESMI,32.05.06,BANYURESMI,SLB BC BINA MANDIRI,20258161,SWASTA,JL IRIWARDI NO. 21
88,32,JAWA BARAT,3205,KABUPATEN GARUT,3205240,LELES,32.05.09,LELES,SLB C BINA GRAHITA LELES,20258167,SWASTA,JL RAYA LELES KM 13 PROYEK I
89,32,JAWA BARAT,3205,KABUPATEN GARUT,3205260,CIBATU,32.05.12,CIBATU,SLB BC YGP CIBATU,20258243,SWASTA,JL.ARIEF RAHMAN HAKIM
90,32,JAWA BARAT,3205,KABUPATEN GARUT,3205171,PASIRWANGI,32.05.08,PASIRWANGI,SLB ABCD MAHMUD MAHMUDAH,69956526,SWASTA,JLN. RAYA PASIRWANGI RT. 01 RW. 05
91,32,JAWA BARAT,3205,KABUPATEN GARUT,3205220,SUKAWENING,32.05.15,SUKAWENING,SLB ANNAJAAT,20258240,SWASTA,JL PONPES SUMURSARI
92,32,JAWA BARAT,3205,KABUPATEN GARUT,3205300,SELAAWI,32.05.39,SELAAWI,SLB BC YGP SELAAWI GARUT,20258236,SWASTA,JL RAYA SELAAWI
93,32,JAWA BARAT,3205,KABUPATEN GARUT,3205261,KERSAMANAH,32.05.13,KERSAMANAH,SLB BC KURNIA,20258242,SWASTA,JL. RAYA KURNIA
94,32,JAWA BARAT,3205,KABUPATEN GARUT,3205261,KERSAMANAH,32.05.13,KERSAMANAH,SLB Langit Sunda,69956457,SWASTA,KP. CINANGKA KULON RT. 04 RW. 02
95,32,JAWA BARAT,3205,KABUPATEN GARUT,3205070,PAMEUNGPEUK,32.05.27,PAMEUNGPEUK,SLB B/C NURUL INSANI,20258197,SWASTA,"JL. MIRAMARE KM 1,5 KOMPLEK PERUM WANIKARI"
96,32,JAWA BARAT,3205,KABUPATEN GARUT,3205250,LEUWIGOONG,32.05.11,LEUWIGOONG,SLB AL-GHIFARI,20258238,SWASTA,JL RAYA CIBIUK LEUWIGOONG
97,32,JAWA BARAT,3205,KABUPATEN GARUT,3205110,SINGAJAYA,32.05.24,SINGAJAYA,SLB YAYASAN CAHAYA AL FURQON,20276137,SWASTA,KAMPUNG BABAKAN POJOK
98,32,JAWA BARAT,3205,KABUPATEN GARUT,3205210,WANARAJA,32.05.03,WANARAJA,SLB Nusantara Kita,20258174,SWASTA,JALAN TALAGABODAS NOMOR 681
99,32,JAWA BARAT,3205,KABUPATEN GARUT,3205270,CIBIUK,32.05.40,CIBIUK,SLB AN NURFALAH,69956437,SWASTA,KP. PEER RT.03 RW. 01
100,32,JAWA BARAT,3205,KABUPATEN GARUT,3205221,KARANGTENGAH,32.05.16,KARANGTENGAH,SLBS NURHAKAM,69774711,SWASTA,JALAN KARANGMULYA KP. SANGOJAR
101,32,JAWA BARAT,3206,KABUPATEN TASIKMALAYA,3206190,SINGAPARNA,32.06.24,SINGAPARNA,SLB AISYIYAH SINGAPARNA,20268131,SWASTA,KOMPLEK PENDIDIKAN MUHAMMADIYAH CIKEDOKAN
102,32,JAWA BARAT,3206,KABUPATEN TASIKMALAYA,3206160,MANONJAYA,32.06.22,MANONJAYA,SLB ABC PGRI MANONJAYA,20268130,SWASTA,JL. TANGSI NO 14
103,32,JAWA BARAT,3206,KABUPATEN TASIKMALAYA,3206260,CIAWI,32.06.36,CIAWI,SLB ABC PGRI CIAWI,20268132,SWASTA,JL. KH. MOH. BAGOWI NO.5
104,32,JAWA BARAT,3206,KABUPATEN TASIKMALAYA,3206010,CIPATUJAH,32.06.01,CIPATUJAH,SLB NEGERI CIPATUJAH,69969191,NEGERI,JLN PAMAYANGSARI KP. SUKAJAYA
105,32,JAWA BARAT,3206,KABUPATEN TASIKMALAYA,3206230,CISAYONG,32.06.32,CISAYONG,SLB DARUSSALAM,69985006,SWASTA,KP. CIRUKUY RT01/01 CISAYONG TASIKMALAYA
106,32,JAWA BARAT,3206,KABUPATEN TASIKMALAYA,3206270,PAGERAGEUNG,32.06.38,PAGERAGEUNG,SLB PLUS ABCD BINA WARGA,69899563,SWASTA,JL. CIKORANJI RT 05/03
107,32,JAWA BARAT,3206,KABUPATEN TASIKMALAYA,3206211,SARIWANGI,32.06.30,SARIWANGI,SLB Al Ichlas Jayaratu,20269970,SWASTA,"JL.KH. M. SYABANDI ( PARAKANLISUNG ) DES, SARIWANGI.KEC SARIWANGI"
108,32,JAWA BARAT,3206,KABUPATEN TASIKMALAYA,3206210,LEUWISARI,32.06.28,LEUWISARI,SLB AISYIYAH LEUWISARI,20268134,SWASTA,JL MANGUNHARJA NO 23
109,32,JAWA BARAT,3206,KABUPATEN TASIKMALAYA,3206210,LEUWISARI,32.06.28,LEUWISARI,SLB AL ISHLAH,20268136,SWASTA,KP NANGGORAK
110,32,JAWA BARAT,3206,KABUPATEN TASIKMALAYA,3206191,SUKARAME,32.06.26,SUKARAME,SLB YAYASAN MITRA ISWARA,69880249,SWASTA,KP. RANCABOLANG
111,32,JAWA BARAT,3206,KABUPATEN TASIKMALAYA,3206212,PADAKEMBANG,32.06.29,PADAKEMBANG,SLB ABC BAITURROHMAN,20268138,SWASTA,JL. GUNUNG BATARA
112,32,JAWA BARAT,3206,KABUPATEN TASIKMALAYA,3206192,MANGUNREJA,32.06.25,MANGUNREJA,SLB ABC YKS MANGUNREJA,20268137,SWASTA,MANGUNREJA
113,32,JAWA BARAT,3206,KABUPATEN TASIKMALAYA,3206060,CIBALONG,32.06.06,CIBALONG,SLB WINAYA BHAKTI,20268140,SWASTA,JL RAYA CIBALONG NO 200
114,32,JAWA BARAT,3206,KABUPATEN TASIKMALAYA,3206161,GUNUNGTANJUNG,32.06.23,GUNUNG TANJUNG,SLB Izzul Haq Gunung Tanjung,70001209,SWASTA,JL. RAYA GUNUNG TANJUNG KP. CILANDAK RT 02 RW 02
115,32,JAWA BARAT,3206,KABUPATEN TASIKMALAYA,3206150,CINEAM,32.06.20,CINEAM,SLB NEGERI CINEAM,20268133,NEGERI,JL CIKONDANG NO. 113
116,32,JAWA BARAT,3206,KABUPATEN TASIKMALAYA,3206250,JAMANIS,32.06.35,JAMANIS,SLB NEGERI TASIKMALAYA,20268139,NEGERI,JL PESANTREN NO. 135
117,32,JAWA BARAT,3207,KABUPATEN CIAMIS,3207210,CIAMIS,32.07.01,CIAMIS,SLBN CIAMIS,20263125,NEGERI,JL. JENDERAL SUDIRMAN NO. 191 CIAMIS
118,32,JAWA BARAT,3207,KABUPATEN CIAMIS,3207100,BANJARSARI,32.07.18,BANJARSARI,SLB ABC MUHAMMADIYAH BANJARSARI,20258211,SWASTA,JL. KUBANGPARI RT 26/06 DUSUN MEKARSARI KODE POS 46383
119,32,JAWA BARAT,3207,KABUPATEN CIAMIS,3207280,KAWALI,32.07.09,KAWALI,SLB AMANAH KAWALI,20263115,SWASTA,SINDANGRAJA RT.21 RW.06
120,32,JAWA BARAT,3207,KABUPATEN CIAMIS,3207280,KAWALI,32.07.09,KAWALI,SLB BUDI BAKTI I KAWALI,20263119,SWASTA,JALAN PAKUAN NO . 04
121,32,JAWA BARAT,3207,KABUPATEN CIAMIS,3207180,RANCAH,32.07.15,RANCAH,SLB C YSDP BAGOR RANCAH,20263130,SWASTA,JALAN RAYA CISONTROL NO. 50
122,32,JAWA BARAT,3207,KABUPATEN CIAMIS,3207300,PANUMBANGAN,32.07.07,PANUMBANGAN,SLB MANDIRI PANUMBANGAN,69863248,SWASTA,JL. RAYA PANUMBANGAN BELAKANG SMP NEGERI I
123,32,JAWA BARAT,3207,KABUPATEN CIAMIS,3207221,SINDANGKASIH,32.07.31,SINDANGKASIH,SLB BINA HARAPAN BANGSA,20263118,SWASTA,JL.KALAPANUNGGAL 1
124,32,JAWA BARAT,3207,KABUPATEN CIAMIS,3207250,CIPAKU,32.07.11,CIPAKU,SLB BUDI BAKTI 2,20263121,SWASTA,JL. MUNJUL RT.12 RW.16
125,32,JAWA BARAT,3207,KABUPATEN CIAMIS,3207190,RAJADESA,32.07.13,RAJADESA,SLBS AS-SURUR RAJADESA,69786494,SWASTA,DUSUN CILUMBU RT.01 RW.01 DESA TANJUNGJAYA
126,32,JAWA BARAT,3207,KABUPATEN CIAMIS,3207150,CIJEUNGJING,32.07.03,CIJEUNGJING,SLB YKSB CIJEUNGJING,20258459,SWASTA,JALAN RAYA CIAMIS BANJAR NO. 363
127,32,JAWA BARAT,3207,KABUPATEN CIAMIS,3207290,PANJALU,32.07.08,PANJALU,SLB AGROWISATA SHALEHA PANJALU,20263112,SWASTA,PANJALU
128,32,JAWA BARAT,3207,KABUPATEN CIAMIS,3207270,PANAWANGAN,32.07.10,PANAWANGAN,SLB FIRDAUS,69930735,SWASTA,DUSUN PANAWANGAN RT 01 RW 02
129,32,JAWA BARAT,3207,KABUPATEN CIAMIS,3207230,CIHAURBEUTI,32.07.06,CIHAURBEUTI,SLB Negeri Cihaurbeuti,70034375,NEGERI,SUKAMULYA
130,32,JAWA BARAT,3207,KABUPATEN CIAMIS,3207211,BAREGBEG,32.07.32,BAREGBEG,SLB AL-BAROKAH BAREGBEG,20263113,SWASTA,JL. RAYA SUKADANA RT.01 RW. 04
131,32,JAWA BARAT,3207,KABUPATEN CIAMIS,3207211,BAREGBEG,32.07.32,BAREGBEG,SLB PANCARAN IMAN CIAMIS,69759289,SWASTA,JL. CIAMIS-JALATRANG KM. 07 RT 02 RW 01
132,32,JAWA BARAT,3207,KABUPATEN CIAMIS,3207220,CIKONENG,32.07.02,CIKONENG,SLB NEGERI SINDANGSARI CIKONENG KABUPATEN CIAMIS,20263126,NEGERI,JL. SINDANGSARI RAYA RT. 18/07
133,32,JAWA BARAT,3207,KABUPATEN CIAMIS,3207220,CIKONENG,32.07.02,CIKONENG,SLB TAMAN RAFLESIA,69756872,SWASTA,JL. RAYA CIKONENG RT 03/09 DUSUN MANDALIKA
134,32,JAWA BARAT,3207,KABUPATEN CIAMIS,3207260,JATINAGARA,32.07.12,JATINAGARA,SLB Darul Hidayah,70029513,SWASTA,DUSUN WETAN RT. 005 RW. 002
135,32,JAWA BARAT,3207,KABUPATEN CIAMIS,3207160,CISAGA,32.07.30,CISAGA,SLB BAITURRAHMAN CISAGA,20263116,SWASTA,BANTARMUNCANG
136,32,JAWA BARAT,3207,KABUPATEN CIAMIS,3207111,PURWADADI,32.07.35,PURWADADI,SLB YMK ASY SYIFA,70035433,SWASTA,DUSUN PASUNGSARI RT. 028 RW. 003
137,32,JAWA BARAT,3207,KABUPATEN CIAMIS,3207111,PURWADADI,32.07.35,PURWADADI,SLB YPI AL-MAGHFIROH,20258273,SWASTA,JL.PRAMUKA.NO.168
138,32,JAWA BARAT,3207,KABUPATEN CIAMIS,3207240,SADANANYA,32.07.04,SADANANYA,SLB AL-HUDA SADANANYA,20263114,SWASTA,JALAN SITUSAEUR
139,32,JAWA BARAT,3207,KABUPATEN CIAMIS,3207281,LUMBUNG,32.07.34,LUMBUNG,SLB HARAPAN SAKINAH,20270894,SWASTA,JL. RAYA LUMBUNG NO. 501
140,32,JAWA BARAT,3207,KABUPATEN CIAMIS,3207291,SUKAMANTRI,32.07.33,SUKAMANTRI,SLB AL-FALAH,69945332,SWASTA,DUSUN CARINGIN RT/RW 40/13
141,32,JAWA BARAT,3207,KABUPATEN CIAMIS,3207200,SUKADANA,32.07.14,SUKADANA,SLB BINA MULYA CAKRAWATI,20270896,SWASTA,JALAN RAYA CIILAT DUSUN BALONG DESA MARGAHARJA
142,32,JAWA BARAT,3208,KABUPATEN KUNINGAN,3208130,KUNINGAN,32.08.09,KUNINGAN,SLB A PERWARI,20256691,SWASTA,JLN. MOH. TOHA NO.04
143,32,JAWA BARAT,3208,KABUPATEN KUNINGAN,3208130,KUNINGAN,32.08.09,KUNINGAN,SLB B YPALB PERWARI,20256689,SWASTA,JALAN MOH. TOHA NO. 04
144,32,JAWA BARAT,3208,KABUPATEN KUNINGAN,3208130,KUNINGAN,32.08.09,KUNINGAN,SLB C YPALB PERWARI KUNINGAN,20256803,SWASTA,JL. RE. MARTADINATA NO. 80A ANCARAN KUNINGAN
145,32,JAWA BARAT,3208,KABUPATEN KUNINGAN,3208100,CIAWIGEBANG,32.08.10,CIAWIGEBANG,SLB ABCD AL-AHDA KAPANDAYAN,20270794,SWASTA,DESA SIDARAJA-CIOMAS KEC. CIAWIGEBANG
146,32,JAWA BARAT,3208,KABUPATEN KUNINGAN,3208140,CIGUGUR,32.08.18,CIGUGUR,SLB AR RAHMAN,69954998,SWASTA,JL. SUTAN SYAHRIR LINK PUHUN RT.05 RW.03
147,32,JAWA BARAT,3208,KABUPATEN KUNINGAN,3208170,CILIMUS,32.08.13,CILIMUS,SLB NEGERI TARUNA MANDIRI,20256802,NEGERI,JL CARACAS - MANDIRANCAN
148,32,JAWA BARAT,3208,KABUPATEN KUNINGAN,3208160,JALAKSANA,32.08.12,JALAKSANA,SLB B-C DHARMA WANITA,20256801,SWASTA,JL. RAYA JALAKSANA NO. 168 KUNINGAN
149,32,JAWA BARAT,3208,KABUPATEN KUNINGAN,3208080,LURAGUNG,32.08.06,LURAGUNG,SLB NEGERI LURAGUNG KABUPATEN KUNINGAN,20256690,NEGERI,JL.DESA CIRAHAYU NO.4
150,32,JAWA BARAT,3208,KABUPATEN KUNINGAN,3208010,DARMA,32.08.17,DARMA,SLB LASKAR PUTRA MANDIRI DARMA,69830210,SWASTA,JL. RAYA DARMA BLOK PARENCA
151,32,JAWA BARAT,3208,KABUPATEN KUNINGAN,3208070,CIBINGBIN,32.08.05,CIBINGBIN,SLB NEGERI PERBATASAN,69758208,NEGERI,"JL. RAYA CIBINGBIN, PANANGGAPAN"
152,32,JAWA BARAT,3208,KABUPATEN KUNINGAN,3208020,KADUGEDE,32.08.01,KADUGEDE,SLB KADUGEDE,20258191,SWASTA,JL. TENTARA PELAJAR
153,32,JAWA BARAT,3208,KABUPATEN KUNINGAN,3208161,JAPARA,32.08.23,JAPARA,SLB PELITA INSAN,69919892,SWASTA,BLOK MUNJUL LELO RT.19 RW.10
154,32,JAWA BARAT,3208,KABUPATEN KUNINGAN,3208101,CIPICUNG,32.08.21,CIPICUNG,SLB AULIA AZZAHRA,69930319,SWASTA,JL. DESA SUSUKAN NO. 4
155,32,JAWA BARAT,3208,KABUPATEN KUNINGAN,3208091,KALIMANGGIS,32.08.27,KALIMANGGIS,SLB NEGERI BINA INSANI KABUPATEN KUNINGAN,69758951,NEGERI,JL. RAYA KALIMANGGIS KULON
156,32,JAWA BARAT,3209,KABUPATEN CIREBON,3209120,SUMBER,32.09.15,SUMBER,SLB AKIRRA 2,69946961,SWASTA,BLOK BLENCONG KIDUL RT. 003 RW. 003
157,32,JAWA BARAT,3209,KABUPATEN CIREBON,3209060,LEMAHABANG,32.09.07,LEMAHABANG,SLB N KAB CIREBON,20267751,NEGERI,JL.AR HAKIM NO.33
158,32,JAWA BARAT,3209,KABUPATEN CIREBON,3209200,ARJAWINANGUN,32.09.24,ARJAWINANGUN,SLB ABC WATHANIYAH,20215018,SWASTA,JL. PERMAI RAYA KEBONPRING
159,32,JAWA BARAT,3209,KABUPATEN CIREBON,3209141,DEPOK,32.09.31,DEPOK,SLB NEGERI PANGERAN CAKRABUANA,20271880,NEGERI,JL. RAYA WARUROYOM
160,32,JAWA BARAT,3209,KABUPATEN CIREBON,3209162,KEDAWUNG,32.09.20,KEDAWUNG,SLB TUNAS KEMUNING,69943905,SWASTA,RT. 04 RW. 10 BLOK SIWARU
161,32,JAWA BARAT,3209,KABUPATEN CIREBON,3209150,WERU,32.09.19,WERU,SLB Mutiara Hati Bangsa,69945389,SWASTA,JL. KI SABALANANG - BLOK SIPANCING
162,32,JAWA BARAT,3209,KABUPATEN CIREBON,3209020,CILEDUG,32.09.02,CILEDUG,SLB ABCD BINA MANDIRI,20215032,SWASTA,JL. LETJEN S. PARMAN NO. 09
163,32,JAWA BARAT,3209,KABUPATEN CIREBON,3209030,LOSARI,32.09.03,LOSARI,SLB Mutiara Bunda,20279948,SWASTA,JL. SOEKARNO HATTA KM.28
164,32,JAWA BARAT,3209,KABUPATEN CIREBON,3209190,KLANGENAN,32.09.23,KLANGENAN,SLB AL-ZAKIYAH KLANGENAN,20258324,SWASTA,JL. JAKA KANTINGAN BLOK KARANG ASEM RT 03 RT 07
165,32,JAWA BARAT,3209,KABUPATEN CIREBON,3209111,TALUN,32.09.14,TALUN,SLB-A BERINGIN BHAKTI,20215017,SWASTA,JL. PANGERAN CAKRABUANA (GG. MANGGA)
166,32,JAWA BARAT,3209,KABUPATEN CIREBON,3209111,TALUN,32.09.14,TALUN,SLB-B BERINGIN BHAKTI,20215028,SWASTA,JL. PANGERAN CAKRABUANA (GG. MANGGA)
167,32,JAWA BARAT,3209,KABUPATEN CIREBON,3209111,TALUN,32.09.14,TALUN,SLB-C BERINGIN BHAKTI,20215031,SWASTA,JL. PANGERAN CAKRABUANA (GG. MANGGA)
168,32,JAWA BARAT,3209,KABUPATEN CIREBON,3209211,GEMPOL,32.09.37,GEMPOL,SLB AL-MA RIFAH,20268277,SWASTA,JL. PEJAGAN ASEM DESA KEDUNGBUNDER KECAMATAN GEMPOL KABUPATEN CIREBON
169,32,JAWA BARAT,3209,KABUPATEN CIREBON,3209051,KARANGWARENG,32.09.34,KARANGWARENG,SLB BINA KARYA,20267668,SWASTA,JLN. RAYA LANGENSARI
170,32,JAWA BARAT,3210,KABUPATEN MAJALENGKA,3210070,MAJALENGKA,32.10.07,MAJALENGKA,SLB NEGERI MAJALENGKA,20213878,NEGERI,JL.KH.ABDUL HALIM NO.97 A
171,32,JAWA BARAT,3210,KABUPATEN MAJALENGKA,3210070,MAJALENGKA,32.10.07,MAJALENGKA,SLB A YPLB MAJALENGKA,20214017,SWASTA,JL. BABAKAN JAWA GG. SUDARSONO NO.42 RT. 02/01
172,32,JAWA BARAT,3210,KABUPATEN MAJALENGKA,3210070,MAJALENGKA,32.10.07,MAJALENGKA,SLB B YPLB MAJALENGKA,20213898,SWASTA,JL. SITI ARMILAH NO.01 MAJALENGKA
173,32,JAWA BARAT,3210,KABUPATEN MAJALENGKA,3210070,MAJALENGKA,32.10.07,MAJALENGKA,SLB C YPLB MAJALENGKA,20213879,SWASTA,JL. EMEN SLAMET NO.70 MAJALENGKA
174,32,JAWA BARAT,3210,KABUPATEN MAJALENGKA,3210140,JATIWANGI,32.10.11,JATIWANGI,SLB ABC MUHAMMADIYAH JATIWANGI,20214016,SWASTA,JL. RAYA BURUJUL KULON NO.08
175,32,JAWA BARAT,3210,KABUPATEN MAJALENGKA,3210120,LEUWIMUNDING,32.10.10,LEUWIMUNDING,SLB BC YP AL AZHAR,20213880,SWASTA,JL. RAYA UTARA NO.109/58
176,32,JAWA BARAT,3210,KABUPATEN MAJALENGKA,3210030,CIKIJING,32.10.03,CIKIJING,SLB AL-MUFTI,20213882,SWASTA,JL. RAYA SUKAMUKTINO.47
177,32,JAWA BARAT,3210,KABUPATEN MAJALENGKA,3210060,MAJA,32.10.06,MAJA,SLB CIREMAI KASIH,20258232,SWASTA,JL. PASUKAN SINDANGKASIH KM.19
178,32,JAWA BARAT,3210,KABUPATEN MAJALENGKA,3210060,MAJA,32.10.06,MAJA,SLB WELAS ASIH,20214001,SWASTA,JL. RAYA DESA MAJA UTARA
179,32,JAWA BARAT,3210,KABUPATEN MAJALENGKA,3210040,TALAGA,32.10.04,TALAGA,SLB KAMILIA SHANTARI,20258214,SWASTA,JL. PANGERAN KARTANEGARA NO.33 TALAGA
180,32,JAWA BARAT,3210,KABUPATEN MAJALENGKA,3210170,KADIPATEN,32.10.13,KADIPATEN,SLB ABDUL MUCHYI,69894293,SWASTA,JLN. ABDUL MUCHYI
181,32,JAWA BARAT,3210,KABUPATEN MAJALENGKA,3210210,SUMBERJAYA,32.10.17,SUMBERJAYA,SLB TUNAS TEKAD SUMBERJAYA,20258213,SWASTA,JL. RAYA BONGAS SUMBERJAYA
182,32,JAWA BARAT,3210,KABUPATEN MAJALENGKA,3210151,KASOKANDEL,32.10.24,KASOKANDEL,SLB GELORA KARYA,20213881,SWASTA,BLOK WARNASARI I RT 001/001
183,32,JAWA BARAT,3211,KABUPATEN SUMEDANG,3211060,SUMEDANG UTARA,32.11.18,SUMEDANG UTARA,SLB ABC MUHAMMADIYAH SUMEDANG,20235548,SWASTA,JL. M. ABDURRAHMAN NO.219A SUMEDANG
184,32,JAWA BARAT,3211,KABUPATEN SUMEDANG,3211060,SUMEDANG UTARA,32.11.18,SUMEDANG UTARA,SLB ABCD NUR AMALIA,20235533,SWASTA,JL. PANUNJANG
185,32,JAWA BARAT,3211,KABUPATEN SUMEDANG,3211060,SUMEDANG UTARA,32.11.18,SUMEDANG UTARA,SLB DENIR BHAKTI,69946437,SWASTA,JL. RAMBUTAN RAYA BLOK 9 NO. 71
186,32,JAWA BARAT,3211,KABUPATEN SUMEDANG,3211010,JATINANGOR,32.11.15,JATINANGOR,SLB BC FADHILAH,20208541,SWASTA,JL. LURAH ABDUL HAMID CIPACING
187,32,JAWA BARAT,3211,KABUPATEN SUMEDANG,3211030,TANJUNGSARI,32.11.11,TANJUNGSARI,SLBN Raharja Tanjungsari,20279943,NEGERI,KP. BABAKAN SIRNA
188,32,JAWA BARAT,3211,KABUPATEN SUMEDANG,3211030,TANJUNGSARI,32.11.11,TANJUNGSARI,SLB ABC DOA BUNDA,20235534,SWASTA,JL. KENANGA GANG GANDARIA LANJUNG TANJUNGSARI
189,32,JAWA BARAT,3211,KABUPATEN SUMEDANG,3211020,CIMANGGUNG,32.11.14,CIMANGGUNG,SLB AL FAZA,20279938,SWASTA,JL DALEM TANUBAYA RT 02/06
190,32,JAWA BARAT,3211,KABUPATEN SUMEDANG,3211050,SUMEDANG SELATAN,32.11.17,SUMEDANG SELATAN,SLB CIMAREME,69899133,SWASTA,JL. RAYA PANGERAN KORNEL LINGK. CIMAREME RT 01/11 NO. 121
191,32,JAWA BARAT,3211,KABUPATEN SUMEDANG,3211050,SUMEDANG SELATAN,32.11.17,SUMEDANG SELATAN,SLB RAHMAH DEWI,20235578,SWASTA,JL. PAGERBETIS
192,32,JAWA BARAT,3211,KABUPATEN SUMEDANG,3211050,SUMEDANG SELATAN,32.11.17,SUMEDANG SELATAN,SLBS SHOLAHUDDIN AL AYUBI,69762645,SWASTA,"DSN. GUNUNG GADUNG RT 05 RW 10, DS. SUKAJAYA, SUMEDANG SELATAN"
193,32,JAWA BARAT,3211,KABUPATEN SUMEDANG,3211160,CIMALAKA,32.11.22,CIMALAKA,SLBN B PEMBINA TINGKAT PROVINSI JAWA BARAT,20235575,NEGERI,JL. MARGAMUKTI
194,32,JAWA BARAT,3211,KABUPATEN SUMEDANG,3211160,CIMALAKA,32.11.22,CIMALAKA,SLBN-B SUMEDANG,20235576,NEGERI,JL. MARGAMUKTI
195,32,JAWA BARAT,3211,KABUPATEN SUMEDANG,3211160,CIMALAKA,32.11.22,CIMALAKA,SLB BINA NUSANTARA,20235532,SWASTA,JLN. MUFAKAT NO. 15 A
196,32,JAWA BARAT,3211,KABUPATEN SUMEDANG,3211160,CIMALAKA,32.11.22,CIMALAKA,SLB SHAPPHIRA DIYANAH,69944061,SWASTA,JL. SINDANGSARI RT 02/02 CIBEUREUM WETAN CIMALAKA SUMEDANG
197,32,JAWA BARAT,3211,KABUPATEN SUMEDANG,3211070,SITURAJA,32.11.06,SITURAJA,SLB BC BAITUL ROHMAN,20235538,SWASTA,JL.CIGANGSA
198,32,JAWA BARAT,3211,KABUPATEN SUMEDANG,3211070,SITURAJA,32.11.06,SITURAJA,SLB Harapan Bunda,69870687,SWASTA,DSN PAKEMITAN RT 04/05
199,32,JAWA BARAT,3211,KABUPATEN SUMEDANG,3211032,PAMULIHAN,32.11.13,PAMULIHAN,SLB ABCD KOSERA PUTRA,20235536,SWASTA,JALAN RAYA SIMPANG - PARAKANMUNCANG
200,32,JAWA BARAT,3211,KABUPATEN SUMEDANG,3211101,JATINUNGGAL,32.11.02,JATINUNGGAL,SLB Binangkit,69840969,SWASTA,DSN. SUKAMUKTI RT. 01 RW. 07
201,32,JAWA BARAT,3211,KABUPATEN SUMEDANG,3211040,RANCAKALONG,32.11.16,RANCAKALONG,SLB BHAKTI MULIA 2,20258209,SWASTA,JL. CITUNGKU
202,32,JAWA BARAT,3211,KABUPATEN SUMEDANG,3211080,DARMARAJA,32.11.03,DARMARAJA,SLB ABC AL BAROKAH,20234014,SWASTA,DARMARAJA
203,32,JAWA BARAT,3211,KABUPATEN SUMEDANG,3211100,WADO,32.11.01,WADO,SLB KARTINI,20208518,SWASTA,JL. RAYA WADO
204,32,JAWA BARAT,3211,KABUPATEN SUMEDANG,3211170,TANJUNGKERTA,32.11.20,TANJUNGKERTA,SLB C YPWG TANJUNGKERTA,20259889,SWASTA,JLN. CIMUNCANG
205,32,JAWA BARAT,3211,KABUPATEN SUMEDANG,3211180,BUAHDUA,32.11.10,BUAHDUA,SLB BC YAYASAN PUTRA BUAH DUA,20235541,SWASTA,JLN. DARONGDONG NO.38
206,32,JAWA BARAT,3211,KABUPATEN SUMEDANG,3211180,BUAHDUA,32.11.10,BUAHDUA,SLBS HIKMAH MANDIRI,69786713,SWASTA,JLN. HARIANG RT: 01 RW: 01
207,32,JAWA BARAT,3211,KABUPATEN SUMEDANG,3211130,UJUNG JAYA,32.11.25,UJUNGJAYA,SLB WINAYA BHAKTI,20208390,SWASTA,JL. RAYA TMUR UJUNGJAYA
208,32,JAWA BARAT,3211,KABUPATEN SUMEDANG,3211150,PASEH,32.11.08,PASEH,SLB ABC MIROJUTTAQWA,20235547,SWASTA,JL. SILIWANGI PASEH NO. 28
209,32,JAWA BARAT,3211,KABUPATEN SUMEDANG,3211090,CIBUGEL,32.11.04,CIBUGEL,SLB LINGGA DHARMA,20234021,SWASTA,JL. CIBUGEL LIMBANGAN KM.16 NO.33
210,32,JAWA BARAT,3211,KABUPATEN SUMEDANG,3211140,CONGGEANG,32.11.07,CONGGEANG,SLBS Amalia Bhakti,20235537,SWASTA,JL. GOGONGO CONGGEANG
211,32,JAWA BARAT,3211,KABUPATEN SUMEDANG,3211071,CISITU,32.11.05,CISITU,SLB BINA BHAKTI MANDIRI,69756301,SWASTA,JL. RAYA SUMEDANG-DARMARAJA KM 18 DSN. DUSTAN RT 03/04
212,32,JAWA BARAT,3211,KABUPATEN SUMEDANG,3211120,TOMO,32.11.24,TOMO,SLB PERMATA HATI,20208411,SWASTA,JL. RAYA CIJELAG TOMO
213,32,JAWA BARAT,3211,KABUPATEN SUMEDANG,3211061,GANEAS,32.11.19,GANEAS,SLB BINA NUSANTARA I,20234018,SWASTA,JL. DAYEUHLUHUR NO. 05
214,32,JAWA BARAT,3211,KABUPATEN SUMEDANG,3211061,GANEAS,32.11.19,GANEAS,SLB PGRI DHARMA PERTIWI,20234024,SWASTA,JL. RAYA SUMEDANG - SITURAJA
215,32,JAWA BARAT,3211,KABUPATEN SUMEDANG,3211171,TANJUNGMEDAR,32.11.21,TANJUNGMEDAR,SLB NEGERI TANJUNGMEDAR KABUPATEN SUMEDANG,20279936,NEGERI,JL. CIRANJANG - CIKARAMAS
216,32,JAWA BARAT,3211,KABUPATEN SUMEDANG,3211161,CISARUA,32.11.23,CISARUA,SLB BHAKTI MULIA,20235573,SWASTA,JL. PASIR MUNDING NO. 04 RT01/RW09 DESA KEBON KALAPA KEC. CISARUA
217,32,JAWA BARAT,3211,KABUPATEN SUMEDANG,3211031,SUKASARI,32.11.12,SUKASARI,SLB GRIYA WARSANI,70041963,SWASTA,JL. KARASAK BI CILIANG RT. 002 RW. 001
218,32,JAWA BARAT,3212,KABUPATEN INDRAMAYU,3212150,INDRAMAYU,32.12.15,INDRAMAYU,SLB NEGERI 2 INDRAMAYU,20264429,NEGERI,JL. MAYJEN DI. PANJAITAN NO. 220/D
219,32,JAWA BARAT,3212,KABUPATEN INDRAMAYU,3212150,INDRAMAYU,32.12.15,INDRAMAYU,SLB NEGERI PAHLAWAN KABUPATEN INDRAMAYU,20251992,NEGERI,JL. PAHLAWAN NO. 89 KEC. INDRAMAYU
220,32,JAWA BARAT,3212,KABUPATEN INDRAMAYU,3212150,INDRAMAYU,32.12.15,INDRAMAYU,SLB MUTIARA HATI,69896875,SWASTA,JL. PAHLAWAN NO. 5A
221,32,JAWA BARAT,3212,KABUPATEN INDRAMAYU,3212130,JATIBARANG,32.12.13,JATIBARANG,SLB/C GANDASARI JATIBARANG,20253006,SWASTA,JL. RAYA BULAK KEC. JATIBARANG
222,32,JAWA BARAT,3212,KABUPATEN INDRAMAYU,3212010,HAURGEULIS,32.12.01,HAURGEULIS,SLB PELANGI KASIH,20233748,SWASTA,JL. JEND A YANI
223,32,JAWA BARAT,3212,KABUPATEN INDRAMAYU,3212070,WIDASARI,32.12.07,WIDASARI,SLB MUTIARA KASIH,69990047,SWASTA,JL. BAYY PASS RT11/08 LEUWIGEDE INDRAMAYU
224,32,JAWA BARAT,3213,KABUPATEN SUBANG,3213070,SUBANG,32.13.03,SUBANG,SLB NEGERI SUBANG,20216948,NEGERI,JL. TRUBUS N0. 36 BLOK SUKAASIH I
225,32,JAWA BARAT,3213,KABUPATEN SUBANG,3213070,SUBANG,32.13.03,SUBANG,SLB NEGERI TRI TUNA SUBANG,20216947,NEGERI,JL. DANGDANGGULA KOMPLEK BTN CIHEULEUT
226,32,JAWA BARAT,3213,KABUPATEN SUBANG,3213180,CIASEM,32.13.09,CIASEM,SLB BC SUKAMANDI,20264708,SWASTA,JL. PT. SANG HYANG SERI SUKAMANDI
227,32,JAWA BARAT,3213,KABUPATEN SUBANG,3213020,JALANCAGAK,32.13.12,JALANCAGAK,SLB WALIWIS PUTIH,20216946,SWASTA,JALAN CAGAK RAYA NO 36 B
228,32,JAWA BARAT,3213,KABUPATEN SUBANG,3213140,PAGADEN,32.13.07,PAGADEN,SLB TARBIYATUL MUTAALIMIN PAGADEN,20216950,SWASTA,JL. RAYA KAMARUNG NO. 56
229,32,JAWA BARAT,3213,KABUPATEN SUBANG,3213120,PURWADADI,32.13.06,PURWADADI,SLB AL-ISLAH PURWADADI,20264707,SWASTA,JLN RAYA PURWADADI NO 196 RT 22 RW 05 DS. PURWADADI BARAT KEC. PURWADADI
230,32,JAWA BARAT,3213,KABUPATEN SUBANG,3213080,KALIJATI,32.13.04,KALIJATI,SLB PGRI KALIJATI,69823296,SWASTA,JL. RAYA TUGU TIMUR NO 69 RT 21/07
231,32,JAWA BARAT,3213,KABUPATEN SUBANG,3213190,PAMANUKAN,32.13.11,PAMANUKAN,SLB PGRI KARYA WINAYA PAMANUKAN,20264709,SWASTA,JL. RAYA RANCASARI RT.11/04
232,32,JAWA BARAT,3213,KABUPATEN SUBANG,3213030,CISALAK,32.13.02,CISALAK,SLB KANDAGA BINA BANGSA CISALAK,20216949,SWASTA,JL. KAPUKNAHUN
233,32,JAWA BARAT,3213,KABUPATEN SUBANG,3213060,CIBOGO,32.13.17,CIBOGO,SLB AL FAHMI,69946530,SWASTA,KP .CIPANCUH
234,32,JAWA BARAT,3214,KABUPATEN PURWAKARTA,3214100,PURWAKARTA,32.14.01,PURWAKARTA,SLB N KAPTEN HALIM,20258288,NEGERI,JL KAPTEN HALIM PURWAKARTA
235,32,JAWA BARAT,3214,KABUPATEN PURWAKARTA,3214100,PURWAKARTA,32.14.01,PURWAKARTA,SLB N PURWAKARTA,20258253,NEGERI,JL VETERAN GG BERINGIN NO2
236,32,JAWA BARAT,3214,KABUPATEN PURWAKARTA,3214040,PLERED,32.14.04,PLERED,SLB ABCD BUDI UTAMA,20253160,SWASTA,JLN. WARUNGKANDANG
237,32,JAWA BARAT,3214,KABUPATEN PURWAKARTA,3214090,PASAWAHAN,32.14.10,PASAWAHAN,SLB BINA INSANI,20217457,SWASTA,JL. TERUSAN KAPTEN HALIM
238,32,JAWA BARAT,3214,KABUPATEN PURWAKARTA,3214080,WANAYASA,32.14.09,WANAYASA,SLB YAKALIMU,20258169,SWASTA,JL. E. SULAEMAN RT. 13/RW. 04
239,32,JAWA BARAT,3214,KABUPATEN PURWAKARTA,3214112,BUNGURSARI,32.14.13,BUNGURSARI,SLB B.C YDBA CIBENING,20217455,SWASTA,JL RAYA CIBENING 364
240,32,JAWA BARAT,3215,KABUPATEN KARAWANG,3215113,KARAWANG BARAT,32.15.01,KARAWANG BARAT,SLB NEGERI I KARAWANG BARAT,70011821,NEGERI,KAMPUNG TOGE
241,32,JAWA BARAT,3215,KABUPATEN KARAWANG,3215113,KARAWANG BARAT,32.15.01,KARAWANG BARAT,SLB B TUNAS HARAPAN KARAWANG,20217811,SWASTA,JALAN MALABAR KARANG INDAH
242,32,JAWA BARAT,3215,KABUPATEN KARAWANG,3215113,KARAWANG BARAT,32.15.01,KARAWANG BARAT,SLB C TUNAS HARAPAN KARAWANG,20217782,SWASTA,JALAN MALABAR KARANG INDAH
243,32,JAWA BARAT,3215,KABUPATEN KARAWANG,3215190,BATUJAYA,32.15.08,BATUJAYA,SLB B-C Cahaya Bangsa,70029781,SWASTA,JL. BAKUNG SELATAN
244,32,JAWA BARAT,3215,KABUPATEN KARAWANG,3215051,PURWASARI,32.15.29,PURWASARI,SLB NEGERI KAB. KARAWANG,69786714,NEGERI,KP. SALAGEDANG DESA CENGKONG KEC. PURWASARI KARAWANG
245,32,JAWA BARAT,3216,KABUPATEN BEKASI,3216081,TAMBUN SELATAN,32.16.06,TAMBUN SELATAN,SLB ANANDA MANDIRI,69786681,SWASTA,JL. MEKARSARI RAYA GG. CAMAT NO.66 RT. 02/13
246,32,JAWA BARAT,3216,KABUPATEN BEKASI,3216081,TAMBUN SELATAN,32.16.06,TAMBUN SELATAN,SLB DINAMIKA,60725231,SWASTA,JL. RAYA DIPONEGORO NO 28
247,32,JAWA BARAT,3216,KABUPATEN BEKASI,3216081,TAMBUN SELATAN,32.16.06,TAMBUN SELATAN,SLB RAISYA PURI,69899721,SWASTA,PURI CENDANA TAMAN RINJANI BLOK A9 NO.11-12
248,32,JAWA BARAT,3216,KABUPATEN BEKASI,3216081,TAMBUN SELATAN,32.16.06,TAMBUN SELATAN,SLB TUMBUH KEMBANG CERIA,69774539,SWASTA,JL ANGGREK RAYA BLOK F-25 NO 8 PERUM PAPAN MAS
249,32,JAWA BARAT,3216,KABUPATEN BEKASI,3216071,CIKARANG BARAT,32.16.08,CIKARANG BARAT,SLB BC WIJAYA KUSUMAH,20258340,SWASTA,JL ARTERI TOL CIBITUNG
250,32,JAWA BARAT,3216,KABUPATEN BEKASI,3216070,CIBITUNG,32.16.07,CIBITUNG,SLB DHARUL MUKHSININ,20253323,SWASTA,PERUM CITRA VILLA JC 13 NO. 23 WANASARI CIBITUNG K
251,32,JAWA BARAT,3216,KABUPATEN BEKASI,3216082,TAMBUN UTARA,32.16.05,TAMBUN UTARA,SLB B DAN C KRISTEN EPHPHATHA INDONESIA,69786685,SWASTA,PERUM BUMI ANGGREK BLOK A NO 25/26
252,32,JAWA BARAT,3216,KABUPATEN BEKASI,3216082,TAMBUN UTARA,32.16.05,TAMBUN UTARA,SLB BUNGA INDONESIA,69854723,SWASTA,KAV. RSPAD BLOK B 20-22 TAMBUN UTARA
253,32,JAWA BARAT,3216,KABUPATEN BEKASI,3216021,SERANG BARU,32.16.21,SERANG BARU,SLB NEGERI KAB. BEKASI,69753766,NEGERI,JL RAYA PASIR RANDU RT 010/005
254,32,JAWA BARAT,3216,KABUPATEN BEKASI,3216030,CIBARUSAH,32.16.22,CIBARUSAH,SLB A dan A Ganda BINAR INSAN ISTIQOMAH,69756186,SWASTA,JL. BEKANG RAYA B6 NO. 6 RT. 01/07 BUMI CIBARUSAH ASRI
255,32,JAWA BARAT,3217,KABUPATEN BANDUNG BARAT,3217120,LEMBANG,32.17.01,LEMBANG,SLB ABC YPLAB LEMBANG,20267651,SWASTA,JL. BARULAKSANA NO.183 RT.01 RW.11
256,32,JAWA BARAT,3217,KABUPATEN BANDUNG BARAT,3217120,LEMBANG,32.17.01,LEMBANG,SLB BINA ANUGRAH,20267655,SWASTA,JL.PENOROPONGAN BINTANG
257,32,JAWA BARAT,3217,KABUPATEN BANDUNG BARAT,3217120,LEMBANG,32.17.01,LEMBANG,SLB SUKAGALIH,20219742,SWASTA,JL. MARIBAYA NO.121 RT.01 RW.11
258,32,JAWA BARAT,3217,KABUPATEN BANDUNG BARAT,3217090,PADALARANG,32.17.08,PADALARANG,SLB AL HIKMAH,20267652,SWASTA,JL. GEDUNG X NO. C 14B RT.05 RW.09
259,32,JAWA BARAT,3217,KABUPATEN BANDUNG BARAT,3217100,NGAMPRAH,32.17.06,NGAMPRAH,SLB ASSAKINAH SEJAHTERA,69775706,SWASTA,JL. H.GOFUR RT.01 RW.07
260,32,JAWA BARAT,3217,KABUPATEN BANDUNG BARAT,3217100,NGAMPRAH,32.17.06,NGAMPRAH,SLB NGAMPRAH RAYA,20267658,SWASTA,JL. CIHALIWUNG WETAN RT.05 RW.03
261,32,JAWA BARAT,3217,KABUPATEN BANDUNG BARAT,3217100,NGAMPRAH,32.17.06,NGAMPRAH,SLB SABK GEMILANG RAHAYU ARBIAH,69773518,SWASTA,JL.RAYA GADOBANGKONG NO.167B RT.01 RW.06
262,32,JAWA BARAT,3217,KABUPATEN BANDUNG BARAT,3217080,CIPATAT,32.17.07,CIPATAT,SLB NEGERI BANDUNG BARAT,69786715,NEGERI,JL. KAMPUNG BARU CIPTAHARJA RT.02 RW.18
263,32,JAWA BARAT,3217,KABUPATEN BANDUNG BARAT,3217080,CIPATAT,32.17.07,CIPATAT,SLB RAMA SEJAHTERA,20667660,SWASTA,JL.RAYA LAMA KIARA KP. BABAKAN KURNIA RT.01 RW.11
264,32,JAWA BARAT,3217,KABUPATEN BANDUNG BARAT,3217140,CIKALONG WETAN,32.17.04,CIKALONGWETAN,SLB BC MULYA BAKTI,20267654,SWASTA,KP. DAYA MEKAR RT.04 RW.03
265,32,JAWA BARAT,3217,KABUPATEN BANDUNG BARAT,3217070,BATUJAJAR,32.17.09,BATUJAJAR,SLB BC BINA WIDYA,20267653,SWASTA,JL. HAURGAMBANG KP. BABAKANPARI RT.01 RW.05
266,32,JAWA BARAT,3217,KABUPATEN BANDUNG BARAT,3217110,PARONGPONG,32.17.02,PARONGPONG,SLB HANJUANG JAYA,20267657,SWASTA,"JL. CIHANJUANG KM.2,8 CIBALIGO RT.04 RW.14"
267,32,JAWA BARAT,3217,KABUPATEN BANDUNG BARAT,3217110,PARONGPONG,32.17.02,PARONGPONG,SLB PURNAMA ASIH,20267659,SWASTA,JL. VILLA DUTA NO.2 RT.03 RW.03
268,32,JAWA BARAT,3217,KABUPATEN BANDUNG BARAT,3217040,CILILIN,32.17.11,CILILIN,SLB BUDI MULIA CILILIN,20267656,SWASTA,JL. RAYA BARAT NO.116 RT.01 RW.03
269,32,JAWA BARAT,3217,KABUPATEN BANDUNG BARAT,3217150,CIPEUNDEUY,32.17.05,CIPEUNDEUY,SLB CHAHYA PUTRA,20279832,SWASTA,KP. CIPEUNDEUY RT.02 RW.04
270,32,JAWA BARAT,3217,KABUPATEN BANDUNG BARAT,3217060,CIPONGKOR,32.17.12,CIPONGKOR,SLB TRI MEDYA,69918547,SWASTA,JL. PLTA SAGULING KP. CIJAWA RT.04 RW.03
271,32,JAWA BARAT,3217,KABUPATEN BANDUNG BARAT,3217130,CISARUA,32.17.03,CISARUA,SLB AGRO INDUSTRI,20279833,SWASTA,JL. PASIR HALANG NO.1 RT.03 RW.07
272,32,JAWA BARAT,3217,KABUPATEN BANDUNG BARAT,3217050,CIHAMPELAS,32.17.10,CIHAMPELAS,SLB BHINNEKA,69928417,SWASTA,KP. AWILARANGAN RT 002 RW 007
273,32,JAWA BARAT,3218,KABUPATEN PANGANDARAN,3218070,PANGANDARAN,32.18.09,PANGANDARAN,SLB BC BINA HARAPAN PANGANDARAN,20258330,SWASTA,PANGANDARAN
274,32,JAWA BARAT,3218,KABUPATEN PANGANDARAN,3218050,PARIGI,32.18.01,PARIGI,SLB NEGERI WIDI ASIH,20258272,NEGERI,SUKASARI
275,32,JAWA BARAT,3218,KABUPATEN PANGANDARAN,3218010,CIMERAK,32.18.03,CIMERAK,SLB Negeri Cimerak,70033729,NEGERI,DUSUN BULAKGEBANG
276,32,JAWA BARAT,3218,KABUPATEN PANGANDARAN,3218080,KALIPUCANG,32.18.08,KALIPUCANG,SLB DARMA PUTRA KALIPUCANG,20258344,SWASTA,JL RAYA KALIPUCANG NO 452
277,32,JAWA BARAT,3218,KABUPATEN PANGANDARAN,3218020,CIJULANG,32.18.02,CIJULANG,SLB YPK CIJULANG,20258212,SWASTA,JL SEMBAH BONTOT RT 21/05 DUSUN KALENSARI
278,32,JAWA BARAT,3218,KABUPATEN PANGANDARAN,3218030,CIGUGUR,32.18.04,CIGUGUR,SLB SAASIH,69898931,SWASTA,DUSUN NEGLASARI DESA CIMINDI KECAMATAN CIGUGUR KABUPATEN PANGANDARAN
279,32,JAWA BARAT,3271,KOTA BOGOR,3271050,BOGOR BARAT,32.71.04,BOGOR BARAT,SLB-B TUNAS KASIH 2,20238478,SWASTA,JL. KH.ABDULLAH BIN NUH NO. 16 YASMIN
280,32,JAWA BARAT,3271,KOTA BOGOR,3271050,BOGOR BARAT,32.71.04,BOGOR BARAT,SLB-C TUNAS KASIH 2,20238479,SWASTA,JL. KH. ABDULLAH BIN NUH NO. 16 YASMIN SEMPLAK BOGOR
281,32,JAWA BARAT,3271,KOTA BOGOR,3271010,BOGOR SELATAN,32.71.01,BOGOR SELATAN,SLB NEGERI 1 KOTA BOGOR,70003436,NEGERI,JALAN KAMPUNG RANCAMAYA
282,32,JAWA BARAT,3271,KOTA BOGOR,3271010,BOGOR SELATAN,32.71.01,BOGOR SELATAN,SLB B-C AL IRSYAD AL ISLAMIYYAH,20220543,SWASTA,JL SEDANE NO 37
283,32,JAWA BARAT,3271,KOTA BOGOR,3271010,BOGOR SELATAN,32.71.01,BOGOR SELATAN,SLB FITRIA,20238476,SWASTA,JL. RULITA BLK NO. 50
284,32,JAWA BARAT,3271,KOTA BOGOR,3271040,BOGOR TENGAH,32.71.03,BOGOR TENGAH,SLB-B DHARMA WANITA,20220542,SWASTA,JL. MALABAR UJUNG NO. 2 BOGOR
285,32,JAWA BARAT,3271,KOTA BOGOR,3271030,BOGOR UTARA,32.71.05,BOGOR UTARA,SLB BC MEKAR SARI 2,20238480,SWASTA,JL NEGLASARI RT 02/04
286,32,JAWA BARAT,3271,KOTA BOGOR,3271030,BOGOR UTARA,32.71.05,BOGOR UTARA,SLB BINA MANDIRI,20238477,SWASTA,JL ARZIMAR II BLK SDN KAWUNG LUWUK
287,32,JAWA BARAT,3271,KOTA BOGOR,3271030,BOGOR UTARA,32.71.05,BOGOR UTARA,SLB MENTARI KITA,20253784,SWASTA,JL. JANAKA III NO. 25 INDRAPRASTA
288,32,JAWA BARAT,3271,KOTA BOGOR,3271040,BOGOR TENGAH,32.71.03,BOGOR TENGAH,SLBN Dharma Wanita Kota Bogor,20220544,NEGERI,JL. MALABAR UJUNG NO. 2
289,32,JAWA BARAT,3271,KOTA BOGOR,3271050,BOGOR BARAT,32.71.04,BOGOR BARAT,SLBN Sejahtera Kota Bogor,20220541,NEGERI,JL. GUNUNG BATU LOJI BLK. NO. 101
290,32,JAWA BARAT,3272,KOTA SUKABUMI,3272010,BAROS,32.72.05,BAROS,SLB NEGERI 1 Sukabumi,70002721,NEGERI,JL. NANGELA
291,32,JAWA BARAT,3272,KOTA SUKABUMI,3272010,BAROS,32.72.05,BAROS,SLB A BUDI NURANI,20221583,SWASTA,JALAN LIO BALANDONGAN KOMPLEK PROVELAT NO. 169
292,32,JAWA BARAT,3272,KOTA SUKABUMI,3272010,BAROS,32.72.05,BAROS,SLB B BUDI NURANI,20221584,SWASTA,JALAN LIO BALANDONGAN NO.12
293,32,JAWA BARAT,3272,KOTA SUKABUMI,3272010,BAROS,32.72.05,BAROS,SLB C Budi Nurani,20221585,SWASTA,JL. LIO BALANDONGAN PROPELAT
294,32,JAWA BARAT,3273,KOTA BANDUNG,3273070,LENGKONG,32.73.13,LENGKONG,SLB BC YPLAB WARTAWAN,20219875,SWASTA,JL. KOMPLEK WARTAWAN IV NO 31A
295,32,JAWA BARAT,3273,KOTA BANDUNG,3273230,COBLONG,32.73.02,COBLONG,SLB C ASIH MANUNGGAL,20219859,SWASTA,JL. SINGA PERBANGSA
296,32,JAWA BARAT,3273,KOTA BANDUNG,3273230,COBLONG,32.73.02,COBLONG,SLB C YAYASAN TERATE,20219747,SWASTA,KP. PASIRKALIKI BARAT RT.10/15
297,32,JAWA BARAT,3273,KOTA BANDUNG,3273230,COBLONG,32.73.02,COBLONG,SPLB C YPLB,20219746,SWASTA,JL. HEGAR ASIH NO. 1-3
298,32,JAWA BARAT,3273,KOTA BANDUNG,3273190,CICENDO,32.73.06,CICENDO,SLB NEGERI A PAJAJARAN,20280593,NEGERI,JL. PAJAJARAN NO. 50
299,32,JAWA BARAT,3273,KOTA BANDUNG,3273180,ANDIR,32.73.05,ANDIR,SLB WIDI ASIH,20217941,SWASTA,JL. DAKOTA PERUM TAMAN PESONA MEDITERAN G1
300,32,JAWA BARAT,3273,KOTA BANDUNG,3273090,BUAHBATU,32.73.22,BUAHBATU,SLB AZ-ZAKIYAH,20280597,SWASTA,JL. CIJAWURA HILIR II NO. 15
301,32,JAWA BARAT,3273,KOTA BANDUNG,3273090,BUAHBATU,32.73.22,BUAHBATU,SLB BC HIKMAT,20219879,SWASTA,JL. SMPN 18 GG. SUKAMENAK II NO. 297
302,32,JAWA BARAT,3273,KOTA BANDUNG,3273150,KIARACONDONG,32.73.16,KIARACONDONG,SLBN Sukapura,20219863,NEGERI,JL. SUKAPURA NO. 4
303,32,JAWA BARAT,3273,KOTA BANDUNG,3273150,KIARACONDONG,32.73.16,KIARACONDONG,SLB B KARYA BHAKTI,20219869,SWASTA,JL. PERSAUDARA NO. 35
304,32,JAWA BARAT,3273,KOTA BANDUNG,3273150,KIARACONDONG,32.73.16,KIARACONDONG,SLB C SUKAPURA,20219811,SWASTA,KOMPLEK BUMI ASRI SUKAPURA
305,32,JAWA BARAT,3273,KOTA BANDUNG,3273210,CIBEUNYING KIDUL,32.73.14,CIBEUNYING KIDUL,SLB C Karya Bhakti,20219872,SWASTA,JL SEKEPONDOK III NO.78 RT 07 RW 11
306,32,JAWA BARAT,3273,KOTA BANDUNG,3273210,CIBEUNYING KIDUL,32.73.14,CIBEUNYING KIDUL,SLB PUSPPA SURYAKANTI,20219743,SWASTA,JL TERUSAN CIMUNCANG NO. 09
307,32,JAWA BARAT,3273,KOTA BANDUNG,3273060,REGOL,32.73.11,REGOL,SLB AUTISME PELITA HAFIZH,20219865,SWASTA,JL. KOTA BARU I NO.4 BANDUNG
308,32,JAWA BARAT,3273,KOTA BANDUNG,3273060,REGOL,32.73.11,REGOL,SLB RISANTYA,20280591,SWASTA,JL KOTA BARU NO 30
309,32,JAWA BARAT,3273,KOTA BANDUNG,3273010,BANDUNG KULON,32.73.15,BANDUNG KULON,SLB B TUT WURI HANDAYANI,20280589,SWASTA,JL PERUMNAS CIJERAH 1 BLOK V NO.45
310,32,JAWA BARAT,3273,KOTA BANDUNG,3273010,BANDUNG KULON,32.73.15,BANDUNG KULON,SLB Pelita Adinda B,69948890,SWASTA,JL. REUNGAS RT.03/06
311,32,JAWA BARAT,3273,KOTA BANDUNG,3273250,SUKASARI,32.73.01,SUKASARI,SLB SOLALIN,20280590,SWASTA,JL. SARIMANAH BLOK XII NO 170
312,32,JAWA BARAT,3273,KOTA BANDUNG,3273020,BABAKAN CIPARAY,32.73.03,BABAKAN CIPARAY,SLB ABCD CARINGIN,20219867,SWASTA,JL. HOLIS GG. FAQIH RT 02/09
313,32,JAWA BARAT,3273,KOTA BANDUNG,3273020,BABAKAN CIPARAY,32.73.03,BABAKAN CIPARAY,SLB KASIH IBU,20280595,SWASTA,JL. KOPO CIRANGRANG TIMUR NO.07
314,32,JAWA BARAT,3273,KOTA BANDUNG,3273020,BABAKAN CIPARAY,32.73.03,BABAKAN CIPARAY,SLBS GEMILANG,20219880,SWASTA,JL. AKI PADMA NO. 7 RT. 05/08
315,32,JAWA BARAT,3273,KOTA BANDUNG,3273170,SUMUR BANDUNG,32.73.19,SUMUR BANDUNG,SLB NEGERI CICENDO,26017001,NEGERI,JL. CICENDO NO. 2
316,32,JAWA BARAT,3273,KOTA BANDUNG,3273120,UJUNG BERUNG,32.73.26,UJUNGBERUNG,SLB YRBB,20280600,SWASTA,JL. KOSAR NO. 147 CIJAMBE INDAH
317,32,JAWA BARAT,3273,KOTA BANDUNG,3273110,CIBIRU,32.73.25,CIBIRU,SLB ABCDE LOB,20280599,SWASTA,JL. MANGLAYANG I NO. 7
318,32,JAWA BARAT,3273,KOTA BANDUNG,3273110,CIBIRU,32.73.25,CIBIRU,SLB B SILIH ASIH,20219864,SWASTA,JL. EMBAH JAKSA CIPADUNG
319,32,JAWA BARAT,3273,KOTA BANDUNG,3273110,CIBIRU,32.73.25,CIBIRU,SLB C SILIH ASIH,20219882,SWASTA,JL. EMBAH JAKSA CIPADUNG
320,32,JAWA BARAT,3273,KOTA BANDUNG,3273160,BATUNUNGGAL,32.73.12,BATUNUNGGAL,SLB DARUL HIDAYAH,69830375,SWASTA,JL. 17 AGUSTUS 2 NO 19
321,32,JAWA BARAT,3273,KOTA BANDUNG,3273160,BATUNUNGGAL,32.73.12,BATUNUNGGAL,SLB-BC Murni YPKSM,20219878,SWASTA,JL. BINONG JATI I NO. 4
322,32,JAWA BARAT,3273,KOTA BANDUNG,3273040,BOJONGLOA KIDUL,32.73.17,BOJONGLOA KIDUL,SLB BC YPLAB CIBADUYUT,20280596,SWASTA,"JL.CIBADUYUT, GG.M.A MAJJA NO.4"
323,32,JAWA BARAT,3273,KOTA BANDUNG,3273240,SUKAJADI,32.73.07,SUKAJADI,SLB D YPAC,20219745,SWASTA,JL. MUSTANG NO. 46
324,32,JAWA BARAT,3273,KOTA BANDUNG,3273240,SUKAJADI,32.73.07,SUKAJADI,SLB MUHAMMADIYAH CIPEDES,20259612,SWASTA,JL SUKAGALIH GG. H. GOZALI NO. 119B
325,32,JAWA BARAT,3273,KOTA BANDUNG,3273240,SUKAJADI,32.73.07,SUKAJADI,SLB NOOR RAKHMAH,20280592,SWASTA,JL. CIPEDES SELATAN NO. 85
326,32,JAWA BARAT,3273,KOTA BANDUNG,3273100,RANCASARI,32.73.23,RANCASARI,SLB ARRAHMAN,20219866,SWASTA,JL. TERUSAN GBI NO. 126
327,32,JAWA BARAT,3273,KOTA BANDUNG,3273100,RANCASARI,32.73.23,RANCASARI,SLB BC BINA KASIH,20219877,SWASTA,JL. CIPAMOKOLAN KEBON JERUK II RT 02 RW 07
328,32,JAWA BARAT,3273,KOTA BANDUNG,3273100,RANCASARI,32.73.23,RANCASARI,SLB BC NIKE ARDILA YPWN,20219876,SWASTA,JL. KALI CIPAMOKOLAN SOEKARNO - HATTA
329,32,JAWA BARAT,3273,KOTA BANDUNG,3273100,RANCASARI,32.73.23,RANCASARI,SLB JATIS HURIP,20219744,SWASTA,KOMPLEK PASIR POGOR JL. PASIR INTAN NO. 4
330,32,JAWA BARAT,3273,KOTA BANDUNG,3273100,RANCASARI,32.73.23,RANCASARI,SLB YPDP,20271533,SWASTA,JL. PURI ASIH VIII NO. 12 SANTOSA ASIH JAYA
331,32,JAWA BARAT,3273,KOTA BANDUNG,3273141,ANTAPANI,32.73.20,ANTAPANI,SLB B SUMBERSARI,20219862,SWASTA,JL. MAJALAYA II NO 29
332,32,JAWA BARAT,3273,KOTA BANDUNG,3273141,ANTAPANI,32.73.20,ANTAPANI,SLB C SUMBER SARI,20219761,SWASTA,JL. MAJALAYA II NO 29
333,32,JAWA BARAT,3273,KOTA BANDUNG,3273030,BOJONGLOA KALER,32.73.04,BOJONGLOA KALER,SLB C BUDAYA BANGSA,20219871,SWASTA,JL. CITARIP BARAT NO. 16 BLK
334,32,JAWA BARAT,3273,KOTA BANDUNG,3273050,ASTANAANYAR,32.73.10,ASTANA ANYAR,SLB BC BANDUNG RAYA,20219873,SWASTA,JL. H. KURDI II / IV NO. 318
335,32,JAWA BARAT,3273,KOTA BANDUNG,3273111,PANYILEUKAN,32.73.28,PANYILEUKAN,SLB ABC BINA MANDIRI,20219868,SWASTA,JL. SUKAMAJU 17
336,32,JAWA BARAT,3273,KOTA BANDUNG,3273080,BANDUNG KIDUL,32.73.21,BANDUNG KIDUL,SLB AUTIS PRANANDA,20280598,SWASTA,JL. BUANA MEKAR 1 NO.16 LOGAM
337,32,JAWA BARAT,3273,KOTA BANDUNG,3273121,CINAMBO,32.73.29,CINAMBO,SLB PANCARAN IMAN,20255797,SWASTA,JL GOLF III NO 57
338,32,JAWA BARAT,3274,KOTA CIREBON,3274040,KESAMBI,32.74.05,KESAMBI,SLB N BUDI UTAMA,20258187,NEGERI,KESAMBI
339,32,JAWA BARAT,3274,KOTA CIREBON,3274040,KESAMBI,32.74.05,KESAMBI,SLB B SAYANGE,20258315,SWASTA,JLN. SEKAR KEMUNING
340,32,JAWA BARAT,3274,KOTA CIREBON,3274040,KESAMBI,32.74.05,KESAMBI,SLB C PANCARAN KASIH,20258316,SWASTA,JL.PERJUANGAN BY PASS RT 01 RW 01 45132 NO TELP 0231 482550
341,32,JAWA BARAT,3274,KOTA CIREBON,3274010,HARJAMUKTI,32.74.03,HARJAMUKTI,SLB MEKAR ARUM,20265786,SWASTA,"JL. CIREMAI GIRI BLOK E.2 NO. 09, RT.004/RW.017"
342,32,JAWA BARAT,3274,KOTA CIREBON,3274050,KEJAKSAN,32.74.01,KEJAKSAN,SLB-B PANCARAN KASIH,20258314,SWASTA,JL DR. WAHIDIN
343,32,JAWA BARAT,3275,KOTA BEKASI,3275040,BEKASI TIMUR,32.75.01,BEKASI TIMUR,SLB NEGERI BEKASI JAYA,20231616,NEGERI,JL. MAHONI RAYA NO. 1 PERUMAHAN BEKASI JAYA INDAH BLOK BI B/3 RT.002/09
344,32,JAWA BARAT,3275,KOTA BEKASI,3275040,BEKASI TIMUR,32.75.01,BEKASI TIMUR,SLB ABC CITRA MANDALA,20218362,SWASTA,JL.KARANG SATRIA 115 KP.CEREWET
345,32,JAWA BARAT,3275,KOTA BEKASI,3275041,RAWALUMBU,32.75.05,RAWALUMBU,SLB-C SANTA LUSIA,20258230,SWASTA,JL. KEMUNING  V
346,32,JAWA BARAT,3275,KOTA BEKASI,3275060,BEKASI BARAT,32.75.02,BEKASI BARAT,SLB SINAR KASIH,20269706,SWASTA,JL TERATAI III/41 PERUMNAS 1 BEKASI
347,32,JAWA BARAT,3275,KOTA BEKASI,3275050,BEKASI SELATAN,32.75.04,BEKASI SELATAN,SLB AGCA CENTER,69758792,SWASTA,JL. PULOPERMATASARI RAYA KAV II NO 2
348,32,JAWA BARAT,3275,KOTA BEKASI,3275050,BEKASI SELATAN,32.75.04,BEKASI SELATAN,SLB KEMBAR KARYA PEMBANGUNAN,20258182,SWASTA,JALAN MUJAIR I NO 1 PERUMNAS 1
349,32,JAWA BARAT,3275,KOTA BEKASI,3275010,PONDOKGEDE,32.75.08,PONDOKGEDE,SLB B-C AL GAFFAR GUCHANY,20253394,SWASTA,JL RAYA JATI MAKMUR NO 181
350,32,JAWA BARAT,3275,KOTA BEKASI,3275010,PONDOKGEDE,32.75.08,PONDOKGEDE,SLB B-C SURYA WIYATA,20258329,SWASTA,JL. CEMPAKA BULAK NO.27
351,32,JAWA BARAT,3275,KOTA BEKASI,3275010,PONDOKGEDE,32.75.08,PONDOKGEDE,SLB BC AS-SYAFI`IYAH,20258204,SWASTA,JL JATIWARINGIN NO 8
352,32,JAWA BARAT,3275,KOTA BEKASI,3275061,MEDAN SATRIA,32.75.06,MEDANSATRIA,SLB AL - AZHAR,69864718,SWASTA,JL. AL - AZHAR NO 08220
353,32,JAWA BARAT,3275,KOTA BEKASI,3275061,MEDAN SATRIA,32.75.06,MEDANSATRIA,SLB CAHAYA PERTIWI,20223061,SWASTA,TAMAN HARAPAN BARU BLOK C4 NO.21-22 MEDAN SATRIA
354,32,JAWA BARAT,3276,KOTA DEPOK,3276020,PANCORAN MAS,32.76.01,PANCORAN MAS,SLB B DHARMA ASIH,20223842,SWASTA,JL.BANGAU RAYA
355,32,JAWA BARAT,3276,KOTA DEPOK,3276020,PANCORAN MAS,32.76.01,PANCORAN MAS,SLB C DHARMA ASIH,20223822,SWASTA,JL.BANGAU RAYA
356,32,JAWA BARAT,3276,KOTA DEPOK,3276020,PANCORAN MAS,32.76.01,PANCORAN MAS,SLB C1 DHARMA ASIH,20333823,SWASTA,JL.BANGAU RAYA
357,32,JAWA BARAT,3276,KOTA DEPOK,3276030,SUKMA JAYA,32.76.05,SUKMAJAYA,SLB INSAN MANDIRI DEPOK,20267204,SWASTA,JL.KRUING III NO. 282 RT.08 RW.06
358,32,JAWA BARAT,3276,KOTA DEPOK,3276040,CIMANGGIS,32.76.02,CIMANGGIS,SLB FROBEL MONTESSORI 2,20267206,SWASTA,"JL.PEKAPURAN, NO. 2 RT. 01/07"
359,32,JAWA BARAT,3276,KOTA DEPOK,3276041,TAPOS,32.76.10,TAPOS,SLB BC BUDI LESTARI,20223824,SWASTA,"JL.SUKATANI, KP.CIHERANG"
360,32,JAWA BARAT,3276,KOTA DEPOK,3276031,CILODONG,32.76.08,CILODONG,SLB BINA INSANI,20223841,SWASTA,JL.PARUNG SERAB
361,32,JAWA BARAT,3276,KOTA DEPOK,3276050,BEJI,32.76.06,BEJI,SLB BCD NUSANTARA,20260502,SWASTA,JL.SEMPU 1 NO. 7 - 8
362,32,JAWA BARAT,3276,KOTA DEPOK,3276050,BEJI,32.76.06,BEJI,SLB C MAHARDIKA,20267203,SWASTA,JL. H. FATIMAH NO. 39A RT. 05/ 11
363,32,JAWA BARAT,3276,KOTA DEPOK,3276021,CIPAYUNG,32.76.07,CIPAYUNG,SLB NEGERI KOTA DEPOK,20229818,NEGERI,"JL.RAYA CITAYAM, CIPAYUNG"
364,32,JAWA BARAT,3276,KOTA DEPOK,3276011,BOJONGSARI,32.76.11,BOJONGSARI,SLB B-C ABDI PRATAMA BOJONGSARI,69893604,SWASTA,JL. MAWAR RAYA BUKIT SAWANGAN INDAH BLOK B2 NO.1 RT.017 RW. 003
365,32,JAWA BARAT,3276,KOTA DEPOK,3276061,CINERE,32.76.09,CINERE,SLB BC MANUNGGAL BHAKTI,20223825,SWASTA,JL.H.SALEH NO. 1 RT.07 RW 07
366,32,JAWA BARAT,3277,KOTA CIMAHI,3277010,CIMAHI SELATAN,32.77.01,CIMAHI SELATAN,SLB BC ARAS,20224140,SWASTA,JL. KERKHOF KOMPLEK SEKOLAH KIHAPIT
367,32,JAWA BARAT,3277,KOTA CIMAHI,3277010,CIMAHI SELATAN,32.77.01,CIMAHI SELATAN,SLB BC NURANI,20224119,SWASTA,JL JEND AMIR MACHMUD GG ARSYAD NO 187
368,32,JAWA BARAT,3277,KOTA CIMAHI,3277010,CIMAHI SELATAN,32.77.01,CIMAHI SELATAN,SLB C TUT WURI HANDAYANI,20219748,SWASTA,BLOK SUKAMAJU NO. 96 RT 01 RW 06
369,32,JAWA BARAT,3277,KOTA CIMAHI,3277030,CIMAHI UTARA,32.77.03,CIMAHI UTARA,SLB NEGERI A CITEUREUP,58570036,NEGERI,JL. SUKARASA NO. 40
370,32,JAWA BARAT,3277,KOTA CIMAHI,3277030,CIMAHI UTARA,32.77.03,CIMAHI UTARA,SLB B PRIMA BHAKTI MULIA,20229248,SWASTA,JL. BUDHI NO. 123
371,32,JAWA BARAT,3277,KOTA CIMAHI,3277030,CIMAHI UTARA,32.77.03,CIMAHI UTARA,SLB MUKTI ASIH,20247214,SWASTA,JL. MARTASIK NO. 24
372,32,JAWA BARAT,3277,KOTA CIMAHI,3277030,CIMAHI UTARA,32.77.03,CIMAHI UTARA,SLB PAMBUDI DHARMA 1,20224118,SWASTA,JL.KOLONEL MASTURI KM 03
373,32,JAWA BARAT,3277,KOTA CIMAHI,3277020,CIMAHI TENGAH,32.77.02,CIMAHI TENGAH,SLB NEGERI 2 SENTRA PKPLK,20270931,NEGERI,JL. DRA. HJ. DJULAEHA KARMITA NO.3
374,32,JAWA BARAT,3277,KOTA CIMAHI,3277020,CIMAHI TENGAH,32.77.02,CIMAHI TENGAH,SLB BC YATIRA,20224116,SWASTA,JL. K.H. USMAN DHOMIRI 191 A
375,32,JAWA BARAT,3278,KOTA TASIKMALAYA,3278040,TAWANG,32.78.03,TAWANG,SLB YAYASAN BAHAGIA,20251092,SWASTA,JL. TAMAN PAHLAWAN NO. 20
376,32,JAWA BARAT,3278,KOTA TASIKMALAYA,3278010,KAWALU,32.78.05,KAWALU,SLB AISYIYAH KAWALU,20251822,SWASTA,JL. PERINTIS KEMERDEKAAN
377,32,JAWA BARAT,3278,KOTA TASIKMALAYA,3278050,CIHIDEUNG,32.78.01,CIHIDEUNG,SLB ABC ARGASARI LESTARI,20251827,SWASTA,JL. CIEUNTEUNG GEDE BLKG. NO.28
378,32,JAWA BARAT,3278,KOTA TASIKMALAYA,3278050,CIHIDEUNG,32.78.01,CIHIDEUNG,SLB ABC YAYASAN INSAN SEJAHTERA,20251804,SWASTA,JL. BANTAR NO. 112 A
379,32,JAWA BARAT,3278,KOTA TASIKMALAYA,3278020,TAMANSARI,32.78.07,TAMANSARI,SLB NEGERI TAMANSARI,20276107,NEGERI,JL. CIDAHU GOBRAS
380,32,JAWA BARAT,3278,KOTA TASIKMALAYA,3278070,INDIHIANG,32.78.04,INDIHIANG,SLB YAYASAN PENDIDIKAN PATRIOT,20251803,SWASTA,JL. LETJEN IBRAHIM ADJIE (BLK MASJID KAUM AL-ROSYAD) INDIHIANG
381,32,JAWA BARAT,3278,KOTA TASIKMALAYA,3278071,BUNGURSARI,32.78.09,BUNGURSARI,SLB Negeri Bungursari,70034094,NEGERI,"JL. RANCA SEPAT, RT.03 RW.05"
382,32,JAWA BARAT,3279,KOTA BANJAR,3279010,BANJAR,32.79.01,BANJAR,SLB ABC PUTRA PASUNDAN 1,20267661,SWASTA,JALAN GOTONG ROYONG
383,32,JAWA BARAT,3279,KOTA BANJAR,3279010,BANJAR,32.79.01,BANJAR,SLB DARUL ISHLAH,69786620,SWASTA,JL. LAPANG DUSUN WARUNG BUAH RT/RW. 31/16 KEC. BANJAR KOTA BANJAR
384,32,JAWA BARAT,3279,KOTA BANJAR,3279040,LANGENSARI,32.79.04,LANGENSARI,SLB PUTRA PASUNDAN 2,60724654,SWASTA,JALAN BANJAR - LANGEN
385,32,JAWA BARAT,3279,KOTA BANJAR,3279030,PATARUMAN,32.79.02,PATARUMAN,SLB Negeri Banjar,60724655,NEGERI,JLN.JELAT-PATARUMAN
386,32,JAWA BARAT,3279,KOTA BANJAR,3279030,PATARUMAN,32.79.02,PATARUMAN,SLB Mekar Mandiri Batulawang,60729212,SWASTA,DUSUN TUNDAGAN RT 19 RW 06
