id,kode_provinsi,nama_provinsi,kode_kabupaten_kota,nama_kabupaten_kota,status_sekolah,jumlah_siswa,satuan,tahun_ajaran
1,32,JAWA BARAT,3201,KABUPATEN BOGOR,NEGERI,452733,SISWA,2018/2019
2,32,JAWA BARAT,3201,KABUPATEN BOGOR,SWASTA,68070,SISWA,2018/2019
3,32,JAWA BARAT,3202,KABUPATEN SUKABUMI,NEGERI,221732,SISWA,2018/2019
4,32,JAWA BARAT,3202,KABUPATEN SUKABUMI,SWASTA,9329,SISWA,2018/2019
5,32,JAWA BARAT,3203,KABUPATEN CIANJUR,NEGERI,234851,SISWA,2018/2019
6,32,JAWA BARAT,3203,KABUPATEN CIANJUR,SWASTA,5743,SISWA,2018/2019
7,32,JAWA BARAT,3204,KABUPATEN BANDUNG,NEGERI,342733,SISWA,2018/2019
8,32,JAWA BARAT,3204,KABUPATEN BANDUNG,SWASTA,23849,SISWA,2018/2019
9,32,JAWA BARAT,3205,KABUPATEN GARUT,NEGERI,261713,SISWA,2018/2019
10,32,JAWA BARAT,3205,KABUPATEN GARUT,SWASTA,16103,SISWA,2018/2019
11,32,JAWA BARAT,3206,KABUPATEN TASIKMALAYA,NEGERI,158296,SISWA,2018/2019
12,32,JAWA BARAT,3206,KABUPATEN TASIKMALAYA,SWASTA,2312,SISWA,2018/2019
13,32,JAWA BARAT,3207,KABUPATEN CIAMIS,NEGERI,92620,SISWA,2018/2019
14,32,JAWA BARAT,3207,KABUPATEN CIAMIS,SWASTA,560,SISWA,2018/2019
15,32,JAWA BARAT,3208,KABUPATEN KUNINGAN,NEGERI,99466,SISWA,2018/2019
16,32,JAWA BARAT,3208,KABUPATEN KUNINGAN,SWASTA,2615,SISWA,2018/2019
17,32,JAWA BARAT,3209,KABUPATEN CIREBON,NEGERI,193286,SISWA,2018/2019
18,32,JAWA BARAT,3209,KABUPATEN CIREBON,SWASTA,6962,SISWA,2018/2019
19,32,JAWA BARAT,3210,KABUPATEN MAJALENGKA,NEGERI,110333,SISWA,2018/2019
20,32,JAWA BARAT,3210,KABUPATEN MAJALENGKA,SWASTA,1691,SISWA,2018/2019
21,32,JAWA BARAT,3211,KABUPATEN SUMEDANG,NEGERI,99543,SISWA,2018/2019
22,32,JAWA BARAT,3211,KABUPATEN SUMEDANG,SWASTA,3733,SISWA,2018/2019
23,32,JAWA BARAT,3212,KABUPATEN INDRAMAYU,NEGERI,153982,SISWA,2018/2019
24,32,JAWA BARAT,3212,KABUPATEN INDRAMAYU,SWASTA,5325,SISWA,2018/2019
25,32,JAWA BARAT,3213,KABUPATEN SUBANG,NEGERI,134849,SISWA,2018/2019
26,32,JAWA BARAT,3213,KABUPATEN SUBANG,SWASTA,5557,SISWA,2018/2019
27,32,JAWA BARAT,3214,KABUPATEN PURWAKARTA,NEGERI,91708,SISWA,2018/2019
28,32,JAWA BARAT,3214,KABUPATEN PURWAKARTA,SWASTA,7073,SISWA,2018/2019
29,32,JAWA BARAT,3215,KABUPATEN KARAWANG,NEGERI,210856,SISWA,2018/2019
30,32,JAWA BARAT,3215,KABUPATEN KARAWANG,SWASTA,14991,SISWA,2018/2019
31,32,JAWA BARAT,3216,KABUPATEN BEKASI,NEGERI,237231,SISWA,2018/2019
32,32,JAWA BARAT,3216,KABUPATEN BEKASI,SWASTA,73802,SISWA,2018/2019
33,32,JAWA BARAT,3217,KABUPATEN BANDUNG BARAT,NEGERI,148833,SISWA,2018/2019
34,32,JAWA BARAT,3217,KABUPATEN BANDUNG BARAT,SWASTA,8700,SISWA,2018/2019
35,32,JAWA BARAT,3218,KABUPATEN PANGANDARAN,NEGERI,32667,SISWA,2018/2019
36,32,JAWA BARAT,3218,KABUPATEN PANGANDARAN,SWASTA,27,SISWA,2018/2019
37,32,JAWA BARAT,3271,KOTA BOGOR,NEGERI,85751,SISWA,2018/2019
38,32,JAWA BARAT,3271,KOTA BOGOR,SWASTA,20521,SISWA,2018/2019
39,32,JAWA BARAT,3272,KOTA SUKABUMI,NEGERI,28070,SISWA,2018/2019
40,32,JAWA BARAT,3272,KOTA SUKABUMI,SWASTA,4787,SISWA,2018/2019
41,32,JAWA BARAT,3273,KOTA BANDUNG,NEGERI,171350,SISWA,2018/2019
42,32,JAWA BARAT,3273,KOTA BANDUNG,SWASTA,54498,SISWA,2018/2019
43,32,JAWA BARAT,3274,KOTA CIREBON,NEGERI,28064,SISWA,2018/2019
44,32,JAWA BARAT,3274,KOTA CIREBON,SWASTA,7491,SISWA,2018/2019
45,32,JAWA BARAT,3275,KOTA BEKASI,NEGERI,174498,SISWA,2018/2019
46,32,JAWA BARAT,3275,KOTA BEKASI,SWASTA,78441,SISWA,2018/2019
47,32,JAWA BARAT,3276,KOTA DEPOK,NEGERI,119907,SISWA,2018/2019
48,32,JAWA BARAT,3276,KOTA DEPOK,SWASTA,49076,SISWA,2018/2019
49,32,JAWA BARAT,3277,KOTA CIMAHI,NEGERI,44504,SISWA,2018/2019
50,32,JAWA BARAT,3277,KOTA CIMAHI,SWASTA,7307,SISWA,2018/2019
51,32,JAWA BARAT,3278,KOTA TASIKMALAYA,NEGERI,57418,SISWA,2018/2019
52,32,JAWA BARAT,3278,KOTA TASIKMALAYA,SWASTA,6872,SISWA,2018/2019
53,32,JAWA BARAT,3279,KOTA BANJAR,NEGERI,14823,SISWA,2018/2019
54,32,JAWA BARAT,3279,KOTA BANJAR,SWASTA,1009,SISWA,2018/2019
55,32,JAWA BARAT,3201,KABUPATEN BOGOR,NEGERI,459275,SISWA,2019/2020
56,32,JAWA BARAT,3201,KABUPATEN BOGOR,SWASTA,72761,SISWA,2019/2020
57,32,JAWA BARAT,3202,KABUPATEN SUKABUMI,NEGERI,223525,SISWA,2019/2020
58,32,JAWA BARAT,3202,KABUPATEN SUKABUMI,SWASTA,10622,SISWA,2019/2020
59,32,JAWA BARAT,3203,KABUPATEN CIANJUR,NEGERI,239047,SISWA,2019/2020
60,32,JAWA BARAT,3203,KABUPATEN CIANJUR,SWASTA,6424,SISWA,2019/2020
61,32,JAWA BARAT,3204,KABUPATEN BANDUNG,NEGERI,344278,SISWA,2019/2020
62,32,JAWA BARAT,3204,KABUPATEN BANDUNG,SWASTA,26434,SISWA,2019/2020
63,32,JAWA BARAT,3205,KABUPATEN GARUT,NEGERI,260361,SISWA,2019/2020
64,32,JAWA BARAT,3205,KABUPATEN GARUT,SWASTA,17611,SISWA,2019/2020
65,32,JAWA BARAT,3206,KABUPATEN TASIKMALAYA,NEGERI,158504,SISWA,2019/2020
66,32,JAWA BARAT,3206,KABUPATEN TASIKMALAYA,SWASTA,2782,SISWA,2019/2020
67,32,JAWA BARAT,3207,KABUPATEN CIAMIS,NEGERI,91977,SISWA,2019/2020
68,32,JAWA BARAT,3207,KABUPATEN CIAMIS,SWASTA,692,SISWA,2019/2020
69,32,JAWA BARAT,3208,KABUPATEN KUNINGAN,NEGERI,98731,SISWA,2019/2020
70,32,JAWA BARAT,3208,KABUPATEN KUNINGAN,SWASTA,3416,SISWA,2019/2020
71,32,JAWA BARAT,3209,KABUPATEN CIREBON,NEGERI,193312,SISWA,2019/2020
72,32,JAWA BARAT,3209,KABUPATEN CIREBON,SWASTA,8276,SISWA,2019/2020
73,32,JAWA BARAT,3210,KABUPATEN MAJALENGKA,NEGERI,110727,SISWA,2019/2020
74,32,JAWA BARAT,3210,KABUPATEN MAJALENGKA,SWASTA,2359,SISWA,2019/2020
75,32,JAWA BARAT,3211,KABUPATEN SUMEDANG,NEGERI,99926,SISWA,2019/2020
76,32,JAWA BARAT,3211,KABUPATEN SUMEDANG,SWASTA,4317,SISWA,2019/2020
77,32,JAWA BARAT,3212,KABUPATEN INDRAMAYU,NEGERI,156492,SISWA,2019/2020
78,32,JAWA BARAT,3212,KABUPATEN INDRAMAYU,SWASTA,6180,SISWA,2019/2020
79,32,JAWA BARAT,3213,KABUPATEN SUBANG,NEGERI,135217,SISWA,2019/2020
80,32,JAWA BARAT,3213,KABUPATEN SUBANG,SWASTA,6294,SISWA,2019/2020
81,32,JAWA BARAT,3214,KABUPATEN PURWAKARTA,NEGERI,92238,SISWA,2019/2020
82,32,JAWA BARAT,3214,KABUPATEN PURWAKARTA,SWASTA,7689,SISWA,2019/2020
83,32,JAWA BARAT,3215,KABUPATEN KARAWANG,NEGERI,214548,SISWA,2019/2020
84,32,JAWA BARAT,3215,KABUPATEN KARAWANG,SWASTA,16729,SISWA,2019/2020
85,32,JAWA BARAT,3216,KABUPATEN BEKASI,NEGERI,239538,SISWA,2019/2020
86,32,JAWA BARAT,3216,KABUPATEN BEKASI,SWASTA,78102,SISWA,2019/2020
87,32,JAWA BARAT,3217,KABUPATEN BANDUNG BARAT,NEGERI,150237,SISWA,2019/2020
88,32,JAWA BARAT,3217,KABUPATEN BANDUNG BARAT,SWASTA,9379,SISWA,2019/2020
89,32,JAWA BARAT,3218,KABUPATEN PANGANDARAN,NEGERI,32777,SISWA,2019/2020
90,32,JAWA BARAT,3218,KABUPATEN PANGANDARAN,SWASTA,173,SISWA,2019/2020
91,32,JAWA BARAT,3271,KOTA BOGOR,NEGERI,85021,SISWA,2019/2020
92,32,JAWA BARAT,3271,KOTA BOGOR,SWASTA,21326,SISWA,2019/2020
93,32,JAWA BARAT,3272,KOTA SUKABUMI,NEGERI,28211,SISWA,2019/2020
94,32,JAWA BARAT,3272,KOTA SUKABUMI,SWASTA,5280,SISWA,2019/2020
95,32,JAWA BARAT,3273,KOTA BANDUNG,NEGERI,167466,SISWA,2019/2020
96,32,JAWA BARAT,3273,KOTA BANDUNG,SWASTA,56753,SISWA,2019/2020
97,32,JAWA BARAT,3274,KOTA CIREBON,NEGERI,27579,SISWA,2019/2020
98,32,JAWA BARAT,3274,KOTA CIREBON,SWASTA,7830,SISWA,2019/2020
99,32,JAWA BARAT,3275,KOTA BEKASI,NEGERI,168839,SISWA,2019/2020
100,32,JAWA BARAT,3275,KOTA BEKASI,SWASTA,81577,SISWA,2019/2020
101,32,JAWA BARAT,3276,KOTA DEPOK,NEGERI,117151,SISWA,2019/2020
102,32,JAWA BARAT,3276,KOTA DEPOK,SWASTA,51138,SISWA,2019/2020
103,32,JAWA BARAT,3277,KOTA CIMAHI,NEGERI,43447,SISWA,2019/2020
104,32,JAWA BARAT,3277,KOTA CIMAHI,SWASTA,7606,SISWA,2019/2020
105,32,JAWA BARAT,3278,KOTA TASIKMALAYA,NEGERI,57221,SISWA,2019/2020
106,32,JAWA BARAT,3278,KOTA TASIKMALAYA,SWASTA,7633,SISWA,2019/2020
107,32,JAWA BARAT,3279,KOTA BANJAR,NEGERI,14705,SISWA,2019/2020
108,32,JAWA BARAT,3201,KABUPATEN BOGOR,NEGERI,460509,SISWA,2020/2021
109,32,JAWA BARAT,3201,KABUPATEN BOGOR,SWASTA,74787,SISWA,2020/2021
110,32,JAWA BARAT,3202,KABUPATEN SUKABUMI,NEGERI,223209,SISWA,2020/2021
111,32,JAWA BARAT,3202,KABUPATEN SUKABUMI,SWASTA,11588,SISWA,2020/2021
112,32,JAWA BARAT,3203,KABUPATEN CIANJUR,NEGERI,242178,SISWA,2020/2021
113,32,JAWA BARAT,3203,KABUPATEN CIANJUR,SWASTA,6826,SISWA,2020/2021
114,32,JAWA BARAT,3204,KABUPATEN BANDUNG,NEGERI,340725,SISWA,2020/2021
115,32,JAWA BARAT,3204,KABUPATEN BANDUNG,SWASTA,27366,SISWA,2020/2021
116,32,JAWA BARAT,3205,KABUPATEN GARUT,NEGERI,255625,SISWA,2020/2021
117,32,JAWA BARAT,3205,KABUPATEN GARUT,SWASTA,18749,SISWA,2020/2021
118,32,JAWA BARAT,3206,KABUPATEN TASIKMALAYA,NEGERI,157062,SISWA,2020/2021
119,32,JAWA BARAT,3206,KABUPATEN TASIKMALAYA,SWASTA,3062,SISWA,2020/2021
120,32,JAWA BARAT,3207,KABUPATEN CIAMIS,NEGERI,90163,SISWA,2020/2021
121,32,JAWA BARAT,3207,KABUPATEN CIAMIS,SWASTA,763,SISWA,2020/2021
122,32,JAWA BARAT,3208,KABUPATEN KUNINGAN,NEGERI,97487,SISWA,2020/2021
123,32,JAWA BARAT,3208,KABUPATEN KUNINGAN,SWASTA,3951,SISWA,2020/2021
124,32,JAWA BARAT,3209,KABUPATEN CIREBON,NEGERI,191300,SISWA,2020/2021
125,32,JAWA BARAT,3209,KABUPATEN CIREBON,SWASTA,9633,SISWA,2020/2021
126,32,JAWA BARAT,3210,KABUPATEN MAJALENGKA,NEGERI,110502,SISWA,2020/2021
127,32,JAWA BARAT,3210,KABUPATEN MAJALENGKA,SWASTA,2787,SISWA,2020/2021
128,32,JAWA BARAT,3211,KABUPATEN SUMEDANG,NEGERI,98899,SISWA,2020/2021
129,32,JAWA BARAT,3211,KABUPATEN SUMEDANG,SWASTA,4437,SISWA,2020/2021
130,32,JAWA BARAT,3212,KABUPATEN INDRAMAYU,NEGERI,157777,SISWA,2020/2021
131,32,JAWA BARAT,3212,KABUPATEN INDRAMAYU,SWASTA,6789,SISWA,2020/2021
132,32,JAWA BARAT,3213,KABUPATEN SUBANG,NEGERI,134729,SISWA,2020/2021
133,32,JAWA BARAT,3213,KABUPATEN SUBANG,SWASTA,7083,SISWA,2020/2021
134,32,JAWA BARAT,3214,KABUPATEN PURWAKARTA,NEGERI,92531,SISWA,2020/2021
135,32,JAWA BARAT,3214,KABUPATEN PURWAKARTA,SWASTA,8202,SISWA,2020/2021
136,32,JAWA BARAT,3215,KABUPATEN KARAWANG,NEGERI,217163,SISWA,2020/2021
137,32,JAWA BARAT,3215,KABUPATEN KARAWANG,SWASTA,19676,SISWA,2020/2021
138,32,JAWA BARAT,3216,KABUPATEN BEKASI,NEGERI,241877,SISWA,2020/2021
139,32,JAWA BARAT,3216,KABUPATEN BEKASI,SWASTA,81431,SISWA,2020/2021
140,32,JAWA BARAT,3217,KABUPATEN BANDUNG BARAT,NEGERI,149853,SISWA,2020/2021
141,32,JAWA BARAT,3217,KABUPATEN BANDUNG BARAT,SWASTA,9776,SISWA,2020/2021
142,32,JAWA BARAT,3218,KABUPATEN PANGANDARAN,NEGERI,32227,SISWA,2020/2021
143,32,JAWA BARAT,3218,KABUPATEN PANGANDARAN,SWASTA,244,SISWA,2020/2021
144,32,JAWA BARAT,3271,KOTA BOGOR,NEGERI,83302,SISWA,2020/2021
145,32,JAWA BARAT,3271,KOTA BOGOR,SWASTA,21968,SISWA,2020/2021
146,32,JAWA BARAT,3272,KOTA SUKABUMI,NEGERI,27724,SISWA,2020/2021
147,32,JAWA BARAT,3272,KOTA SUKABUMI,SWASTA,5581,SISWA,2020/2021
148,32,JAWA BARAT,3273,KOTA BANDUNG,NEGERI,162457,SISWA,2020/2021
149,32,JAWA BARAT,3273,KOTA BANDUNG,SWASTA,56664,SISWA,2020/2021
150,32,JAWA BARAT,3274,KOTA CIREBON,NEGERI,26652,SISWA,2020/2021
151,32,JAWA BARAT,3274,KOTA CIREBON,SWASTA,7951,SISWA,2020/2021
152,32,JAWA BARAT,3275,KOTA BEKASI,NEGERI,160125,SISWA,2020/2021
153,32,JAWA BARAT,3275,KOTA BEKASI,SWASTA,82730,SISWA,2020/2021
154,32,JAWA BARAT,3276,KOTA DEPOK,NEGERI,113337,SISWA,2020/2021
155,32,JAWA BARAT,3276,KOTA DEPOK,SWASTA,51869,SISWA,2020/2021
156,32,JAWA BARAT,3277,KOTA CIMAHI,NEGERI,42223,SISWA,2020/2021
157,32,JAWA BARAT,3277,KOTA CIMAHI,SWASTA,7700,SISWA,2020/2021
158,32,JAWA BARAT,3278,KOTA TASIKMALAYA,NEGERI,55963,SISWA,2020/2021
159,32,JAWA BARAT,3278,KOTA TASIKMALAYA,SWASTA,8154,SISWA,2020/2021
160,32,JAWA BARAT,3279,KOTA BANJAR,NEGERI,14383,SISWA,2020/2021
161,32,JAWA BARAT,3279,KOTA BANJAR,SWASTA,1043,SISWA,2020/2021
162,32,JAWA BARAT,3201,KABUPATEN BOGOR,NEGERI,455511,SISWA,2021/2022
163,32,JAWA BARAT,3201,KABUPATEN BOGOR,SWASTA,74582,SISWA,2021/2022
164,32,JAWA BARAT,3202,KABUPATEN SUKABUMI,NEGERI,221050,SISWA,2021/2022
165,32,JAWA BARAT,3202,KABUPATEN SUKABUMI,SWASTA,12300,SISWA,2021/2022
166,32,JAWA BARAT,3203,KABUPATEN CIANJUR,NEGERI,242310,SISWA,2021/2022
167,32,JAWA BARAT,3203,KABUPATEN CIANJUR,SWASTA,7390,SISWA,2021/2022
168,32,JAWA BARAT,3204,KABUPATEN BANDUNG,NEGERI,334572,SISWA,2021/2022
169,32,JAWA BARAT,3204,KABUPATEN BANDUNG,SWASTA,27669,SISWA,2021/2022
170,32,JAWA BARAT,3205,KABUPATEN GARUT,NEGERI,251619,SISWA,2021/2022
171,32,JAWA BARAT,3205,KABUPATEN GARUT,SWASTA,19686,SISWA,2021/2022
172,32,JAWA BARAT,3206,KABUPATEN TASIKMALAYA,NEGERI,152981,SISWA,2021/2022
173,32,JAWA BARAT,3206,KABUPATEN TASIKMALAYA,SWASTA,3294,SISWA,2021/2022
174,32,JAWA BARAT,3207,KABUPATEN CIAMIS,NEGERI,87571,SISWA,2021/2022
175,32,JAWA BARAT,3207,KABUPATEN CIAMIS,SWASTA,879,SISWA,2021/2022
176,32,JAWA BARAT,3208,KABUPATEN KUNINGAN,NEGERI,95045,SISWA,2021/2022
177,32,JAWA BARAT,3208,KABUPATEN KUNINGAN,SWASTA,4301,SISWA,2021/2022
178,32,JAWA BARAT,3209,KABUPATEN CIREBON,NEGERI,186960,SISWA,2021/2022
179,32,JAWA BARAT,3209,KABUPATEN CIREBON,SWASTA,10664,SISWA,2021/2022
180,32,JAWA BARAT,3210,KABUPATEN MAJALENGKA,NEGERI,109832,SISWA,2021/2022
181,32,JAWA BARAT,3210,KABUPATEN MAJALENGKA,SWASTA,3070,SISWA,2021/2022
182,32,JAWA BARAT,3211,KABUPATEN SUMEDANG,NEGERI,97056,SISWA,2021/2022
183,32,JAWA BARAT,3211,KABUPATEN SUMEDANG,SWASTA,4705,SISWA,2021/2022
184,32,JAWA BARAT,3212,KABUPATEN INDRAMAYU,NEGERI,156456,SISWA,2021/2022
185,32,JAWA BARAT,3212,KABUPATEN INDRAMAYU,SWASTA,7177,SISWA,2021/2022
186,32,JAWA BARAT,3213,KABUPATEN SUBANG,NEGERI,132955,SISWA,2021/2022
187,32,JAWA BARAT,3213,KABUPATEN SUBANG,SWASTA,7594,SISWA,2021/2022
188,32,JAWA BARAT,3214,KABUPATEN PURWAKARTA,NEGERI,90937,SISWA,2021/2022
189,32,JAWA BARAT,3214,KABUPATEN PURWAKARTA,SWASTA,8446,SISWA,2021/2022
190,32,JAWA BARAT,3215,KABUPATEN KARAWANG,NEGERI,213877,SISWA,2021/2022
191,32,JAWA BARAT,3215,KABUPATEN KARAWANG,SWASTA,21934,SISWA,2021/2022
192,32,JAWA BARAT,3216,KABUPATEN BEKASI,NEGERI,242083,SISWA,2021/2022
193,32,JAWA BARAT,3216,KABUPATEN BEKASI,SWASTA,83178,SISWA,2021/2022
194,32,JAWA BARAT,3217,KABUPATEN BANDUNG BARAT,NEGERI,148438,SISWA,2021/2022
195,32,JAWA BARAT,3217,KABUPATEN BANDUNG BARAT,SWASTA,10316,SISWA,2021/2022
196,32,JAWA BARAT,3218,KABUPATEN PANGANDARAN,NEGERI,31074,SISWA,2021/2022
197,32,JAWA BARAT,3218,KABUPATEN PANGANDARAN,SWASTA,250,SISWA,2021/2022
198,32,JAWA BARAT,3271,KOTA BOGOR,NEGERI,79765,SISWA,2021/2022
199,32,JAWA BARAT,3271,KOTA BOGOR,SWASTA,21936,SISWA,2021/2022
200,32,JAWA BARAT,3272,KOTA SUKABUMI,NEGERI,27040,SISWA,2021/2022
201,32,JAWA BARAT,3272,KOTA SUKABUMI,SWASTA,5811,SISWA,2021/2022
202,32,JAWA BARAT,3273,KOTA BANDUNG,NEGERI,155017,SISWA,2021/2022
203,32,JAWA BARAT,3273,KOTA BANDUNG,SWASTA,55725,SISWA,2021/2022
204,32,JAWA BARAT,3274,KOTA CIREBON,NEGERI,25648,SISWA,2021/2022
205,32,JAWA BARAT,3274,KOTA CIREBON,SWASTA,7932,SISWA,2021/2022
206,32,JAWA BARAT,3275,KOTA BEKASI,NEGERI,150191,SISWA,2021/2022
207,32,JAWA BARAT,3275,KOTA BEKASI,SWASTA,80860,SISWA,2021/2022
208,32,JAWA BARAT,3276,KOTA DEPOK,NEGERI,107693,SISWA,2021/2022
209,32,JAWA BARAT,3276,KOTA DEPOK,SWASTA,52041,SISWA,2021/2022
210,32,JAWA BARAT,3277,KOTA CIMAHI,NEGERI,40244,SISWA,2021/2022
211,32,JAWA BARAT,3277,KOTA CIMAHI,SWASTA,7680,SISWA,2021/2022
212,32,JAWA BARAT,3278,KOTA TASIKMALAYA,NEGERI,54256,SISWA,2021/2022
213,32,JAWA BARAT,3278,KOTA TASIKMALAYA,SWASTA,8586,SISWA,2021/2022
214,32,JAWA BARAT,3279,KOTA BANJAR,NEGERI,13798,SISWA,2021/2022
215,32,JAWA BARAT,3279,KOTA BANJAR,SWASTA,994,SISWA,2021/2022
216,32,JAWA BARAT,3201,KABUPATEN BOGOR,NEGERI,461542,SISWA,2022/2023
217,32,JAWA BARAT,3201,KABUPATEN BOGOR,SWASTA,84135,SISWA,2022/2023
218,32,JAWA BARAT,3202,KABUPATEN SUKABUMI,NEGERI,224388,SISWA,2022/2023
219,32,JAWA BARAT,3202,KABUPATEN SUKABUMI,SWASTA,14276,SISWA,2022/2023
220,32,JAWA BARAT,3203,KABUPATEN CIANJUR,NEGERI,249025,SISWA,2022/2023
221,32,JAWA BARAT,3203,KABUPATEN CIANJUR,SWASTA,8129,SISWA,2022/2023
222,32,JAWA BARAT,3204,KABUPATEN BANDUNG,NEGERI,327963,SISWA,2022/2023
223,32,JAWA BARAT,3204,KABUPATEN BANDUNG,SWASTA,30356,SISWA,2022/2023
224,32,JAWA BARAT,3205,KABUPATEN GARUT,NEGERI,246661,SISWA,2022/2023
225,32,JAWA BARAT,3205,KABUPATEN GARUT,SWASTA,21801,SISWA,2022/2023
226,32,JAWA BARAT,3206,KABUPATEN TASIKMALAYA,NEGERI,149313,SISWA,2022/2023
227,32,JAWA BARAT,3206,KABUPATEN TASIKMALAYA,SWASTA,3779,SISWA,2022/2023
228,32,JAWA BARAT,3207,KABUPATEN CIAMIS,NEGERI,84448,SISWA,2022/2023
229,32,JAWA BARAT,3207,KABUPATEN CIAMIS,SWASTA,1101,SISWA,2022/2023
230,32,JAWA BARAT,3208,KABUPATEN KUNINGAN,NEGERI,93036,SISWA,2022/2023
231,32,JAWA BARAT,3208,KABUPATEN KUNINGAN,SWASTA,4889,SISWA,2022/2023
232,32,JAWA BARAT,3209,KABUPATEN CIREBON,NEGERI,188042,SISWA,2022/2023
233,32,JAWA BARAT,3209,KABUPATEN CIREBON,SWASTA,12816,SISWA,2022/2023
234,32,JAWA BARAT,3210,KABUPATEN MAJALENGKA,NEGERI,109889,SISWA,2022/2023
235,32,JAWA BARAT,3210,KABUPATEN MAJALENGKA,SWASTA,3979,SISWA,2022/2023
236,32,JAWA BARAT,3211,KABUPATEN SUMEDANG,NEGERI,96280,SISWA,2022/2023
237,32,JAWA BARAT,3211,KABUPATEN SUMEDANG,SWASTA,5208,SISWA,2022/2023
238,32,JAWA BARAT,3212,KABUPATEN INDRAMAYU,NEGERI,158626,SISWA,2022/2023
239,32,JAWA BARAT,3212,KABUPATEN INDRAMAYU,SWASTA,8165,SISWA,2022/2023
240,32,JAWA BARAT,3213,KABUPATEN SUBANG,NEGERI,133506,SISWA,2022/2023
241,32,JAWA BARAT,3213,KABUPATEN SUBANG,SWASTA,8520,SISWA,2022/2023
242,32,JAWA BARAT,3214,KABUPATEN PURWAKARTA,NEGERI,92280,SISWA,2022/2023
243,32,JAWA BARAT,3214,KABUPATEN PURWAKARTA,SWASTA,9678,SISWA,2022/2023
244,32,JAWA BARAT,3215,KABUPATEN KARAWANG,NEGERI,216071,SISWA,2022/2023
245,32,JAWA BARAT,3215,KABUPATEN KARAWANG,SWASTA,26373,SISWA,2022/2023
246,32,JAWA BARAT,3216,KABUPATEN BEKASI,NEGERI,252224,SISWA,2022/2023
247,32,JAWA BARAT,3216,KABUPATEN BEKASI,SWASTA,92255,SISWA,2022/2023
248,32,JAWA BARAT,3217,KABUPATEN BANDUNG BARAT,NEGERI,147267,SISWA,2022/2023
249,32,JAWA BARAT,3217,KABUPATEN BANDUNG BARAT,SWASTA,11913,SISWA,2022/2023
250,32,JAWA BARAT,3218,KABUPATEN PANGANDARAN,NEGERI,30172,SISWA,2022/2023
251,32,JAWA BARAT,3218,KABUPATEN PANGANDARAN,SWASTA,688,SISWA,2022/2023
252,32,JAWA BARAT,3271,KOTA BOGOR,NEGERI,77245,SISWA,2022/2023
253,32,JAWA BARAT,3271,KOTA BOGOR,SWASTA,22096,SISWA,2022/2023
254,32,JAWA BARAT,3272,KOTA SUKABUMI,NEGERI,26587,SISWA,2022/2023
255,32,JAWA BARAT,3272,KOTA SUKABUMI,SWASTA,6347,SISWA,2022/2023
256,32,JAWA BARAT,3273,KOTA BANDUNG,NEGERI,146996,SISWA,2022/2023
257,32,JAWA BARAT,3273,KOTA BANDUNG,SWASTA,55054,SISWA,2022/2023
258,32,JAWA BARAT,3274,KOTA CIREBON,NEGERI,25114,SISWA,2022/2023
259,32,JAWA BARAT,3274,KOTA CIREBON,SWASTA,7521,SISWA,2022/2023
260,32,JAWA BARAT,3275,KOTA BEKASI,NEGERI,143923,SISWA,2022/2023
261,32,JAWA BARAT,3275,KOTA BEKASI,SWASTA,80424,SISWA,2022/2023
262,32,JAWA BARAT,3276,KOTA DEPOK,NEGERI,104983,SISWA,2022/2023
263,32,JAWA BARAT,3276,KOTA DEPOK,SWASTA,53796,SISWA,2022/2023
264,32,JAWA BARAT,3277,KOTA CIMAHI,NEGERI,39051,SISWA,2022/2023
265,32,JAWA BARAT,3277,KOTA CIMAHI,SWASTA,7765,SISWA,2022/2023
266,32,JAWA BARAT,3278,KOTA TASIKMALAYA,NEGERI,53253,SISWA,2022/2023
267,32,JAWA BARAT,3278,KOTA TASIKMALAYA,SWASTA,9223,SISWA,2022/2023
268,32,JAWA BARAT,3279,KOTA BANJAR,NEGERI,13375,SISWA,2022/2023
269,32,JAWA BARAT,3279,KOTA BANJAR,SWASTA,915,SISWA,2022/2023
270,32,JAWA BARAT,3201,KABUPATEN BOGOR,NEGERI,285947,SISWA,2024/2025
271,32,JAWA BARAT,3201,KABUPATEN BOGOR,SWASTA,266181,SISWA,2024/2025
272,32,JAWA BARAT,3202,KABUPATEN SUKABUMI,NEGERI,124161,SISWA,2024/2025
273,32,JAWA BARAT,3202,KABUPATEN SUKABUMI,SWASTA,116302,SISWA,2024/2025
274,32,JAWA BARAT,3203,KABUPATEN CIANJUR,NEGERI,133788,SISWA,2024/2025
275,32,JAWA BARAT,3203,KABUPATEN CIANJUR,SWASTA,125681,SISWA,2024/2025
276,32,JAWA BARAT,3204,KABUPATEN BANDUNG,NEGERI,185302,SISWA,2024/2025
277,32,JAWA BARAT,3204,KABUPATEN BANDUNG,SWASTA,174519,SISWA,2024/2025
278,32,JAWA BARAT,3205,KABUPATEN GARUT,NEGERI,138808,SISWA,2024/2025
279,32,JAWA BARAT,3205,KABUPATEN GARUT,SWASTA,130840,SISWA,2024/2025
280,32,JAWA BARAT,3206,KABUPATEN TASIKMALAYA,NEGERI,78577,SISWA,2024/2025
281,32,JAWA BARAT,3206,KABUPATEN TASIKMALAYA,SWASTA,73170,SISWA,2024/2025
282,32,JAWA BARAT,3207,KABUPATEN CIAMIS,NEGERI,43872,SISWA,2024/2025
283,32,JAWA BARAT,3207,KABUPATEN CIAMIS,SWASTA,40733,SISWA,2024/2025
284,32,JAWA BARAT,3208,KABUPATEN KUNINGAN,NEGERI,50239,SISWA,2024/2025
285,32,JAWA BARAT,3208,KABUPATEN KUNINGAN,SWASTA,47152,SISWA,2024/2025
286,32,JAWA BARAT,3209,KABUPATEN CIREBON,NEGERI,104523,SISWA,2024/2025
287,32,JAWA BARAT,3209,KABUPATEN CIREBON,SWASTA,97378,SISWA,2024/2025
288,32,JAWA BARAT,3210,KABUPATEN MAJALENGKA,NEGERI,58990,SISWA,2024/2025
289,32,JAWA BARAT,3210,KABUPATEN MAJALENGKA,SWASTA,54478,SISWA,2024/2025
290,32,JAWA BARAT,3211,KABUPATEN SUMEDANG,NEGERI,52369,SISWA,2024/2025
291,32,JAWA BARAT,3211,KABUPATEN SUMEDANG,SWASTA,49202,SISWA,2024/2025
292,32,JAWA BARAT,3212,KABUPATEN INDRAMAYU,NEGERI,86168,SISWA,2024/2025
293,32,JAWA BARAT,3212,KABUPATEN INDRAMAYU,SWASTA,81202,SISWA,2024/2025
294,32,JAWA BARAT,3213,KABUPATEN SUBANG,NEGERI,73856,SISWA,2024/2025
295,32,JAWA BARAT,3213,KABUPATEN SUBANG,SWASTA,68440,SISWA,2024/2025
296,32,JAWA BARAT,3214,KABUPATEN PURWAKARTA,NEGERI,52936,SISWA,2024/2025
297,32,JAWA BARAT,3214,KABUPATEN PURWAKARTA,SWASTA,49473,SISWA,2024/2025
298,32,JAWA BARAT,3215,KABUPATEN KARAWANG,NEGERI,127263,SISWA,2024/2025
299,32,JAWA BARAT,3215,KABUPATEN KARAWANG,SWASTA,118823,SISWA,2024/2025
300,32,JAWA BARAT,3216,KABUPATEN BEKASI,NEGERI,182461,SISWA,2024/2025
301,32,JAWA BARAT,3216,KABUPATEN BEKASI,SWASTA,171500,SISWA,2024/2025
302,32,JAWA BARAT,3217,KABUPATEN BANDUNG BARAT,NEGERI,82921,SISWA,2024/2025
303,32,JAWA BARAT,3217,KABUPATEN BANDUNG BARAT,SWASTA,77252,SISWA,2024/2025
304,32,JAWA BARAT,3218,KABUPATEN PANGANDARAN,NEGERI,15903,SISWA,2024/2025
305,32,JAWA BARAT,3218,KABUPATEN PANGANDARAN,SWASTA,14749,SISWA,2024/2025
306,32,JAWA BARAT,3271,KOTA BOGOR,NEGERI,51694,SISWA,2024/2025
307,32,JAWA BARAT,3271,KOTA BOGOR,SWASTA,48400,SISWA,2024/2025
308,32,JAWA BARAT,3272,KOTA SUKABUMI,NEGERI,17199,SISWA,2024/2025
309,32,JAWA BARAT,3272,KOTA SUKABUMI,SWASTA,15082,SISWA,2024/2025
310,32,JAWA BARAT,3273,KOTA BANDUNG,NEGERI,103716,SISWA,2024/2025
311,32,JAWA BARAT,3273,KOTA BANDUNG,SWASTA,97628,SISWA,2024/2025
312,32,JAWA BARAT,3274,KOTA CIREBON,NEGERI,17413,SISWA,2024/2025
313,32,JAWA BARAT,3274,KOTA CIREBON,SWASTA,16223,SISWA,2024/2025
314,32,JAWA BARAT,3275,KOTA BEKASI,NEGERI,116537,SISWA,2024/2025
315,32,JAWA BARAT,3275,KOTA BEKASI,SWASTA,110033,SISWA,2024/2025
316,32,JAWA BARAT,3276,KOTA DEPOK,NEGERI,82166,SISWA,2024/2025
317,32,JAWA BARAT,3276,KOTA DEPOK,SWASTA,77251,SISWA,2024/2025
318,32,JAWA BARAT,3277,KOTA CIMAHI,NEGERI,23881,SISWA,2024/2025
319,32,JAWA BARAT,3277,KOTA CIMAHI,SWASTA,22757,SISWA,2024/2025
320,32,JAWA BARAT,3278,KOTA TASIKMALAYA,NEGERI,32326,SISWA,2024/2025
321,32,JAWA BARAT,3278,KOTA TASIKMALAYA,SWASTA,30313,SISWA,2024/2025
322,32,JAWA BARAT,3279,KOTA BANJAR,NEGERI,7340,SISWA,2024/2025
323,32,JAWA BARAT,3279,KOTA BANJAR,SWASTA,6839,SISWA,2024/2025
